itm_mstr_key,sys_cd,itm_srt_id,itm_id,itm_db_id,itm_shrt_label,itm_sect_srt_id,itm_sect_label,itm_grp_cd,itm_loinc_id,itm_type_cd,fixed_rec_srt_id,fixed_rec_strt_byte,fixed_rec_end_byte,fixed_strt_end_bytes,fixed_rec_lngth,itm_vrsn_notes,isc_active,isc_inactive,isc_01,isc_03,isc_04,isc_05,isc_06,isc_07,isc_08,isc_09,isc_XX
1,OASIS,50,ASMT_SYS_CD,ASMT_SYS_CD,Assessment system code,01,Control,Control,,Code,50,1,10,1-10,10,,"01,03,04,05,06,07,08,09,XX",,x,x,x,x,x,x,x,x,x
2,OASIS,150,ITM_SBST_CD,HHA_ITM_SBST_CD,Item subset code,01,Control,Control,,Code,150,12,14,12-14,3,,"01,03,04,05,06,07,08,09,XX",,x,x,x,x,x,x,x,x,x
3,OASIS,200,ITM_SET_VRSN_CD,ITM_SET_VRSN_CD,Item set version code,01,Control,Control,,Code,200,15,24,15-24,10,[V2.12.0]-Added ending date for C1-012015 and added [C1-102015] to value list.,"01,03,04,05,06,07,08,09,XX",,x,x,x,x,x,x,x,x,x
4,OASIS,250,SPEC_VRSN_CD,SPEC_VRSN_CD,Specifications version code,01,Control,Control,,Code,250,25,34,25-34,10,"[V2.12.0]-Added ending date for V2.11, and added [2.12] to value list.","01,03,04,05,06,07,08,09,XX",,x,x,x,x,x,x,x,x,x
5,OASIS,300,CORRECTION_NUM,CRCTN_NUM,Correction number,01,Control,Control,,Number,300,35,36,35-36,2,,"01,03,04,05,06,07,08,09,XX",,x,x,x,x,x,x,x,x,x
7,OASIS,350,STATE_CD,STATE_CD,Agency's state postal code,01,Control,Control,,Code,350,37,38,37-38,2,,"01,03,04,05,06,07,08,09,XX",,x,x,x,x,x,x,x,x,x
8,OASIS,400,HHA_AGENCY_ID,HHA_AGNCY_ID,Assigned agency submission ID,01,Control,Control,,Text,400,39,54,39-54,16,,"01,03,04,05,06,07,08,09,XX",,x,x,x,x,x,x,x,x,x
9,OASIS,500,SFW_ID,SFTWR_VNDR_ID,Software vendor federal employer tax ID,01,Control,Control,,Text,500,65,73,65-73,9,,"01,03,04,05,06,07,08,09,XX",,x,x,x,x,x,x,x,x,x
10,OASIS,550,SFW_NAME,SFTWR_VNDR_NAME,Software vendor company name,01,Control,Control,,Text,550,74,103,74-103,30,,"01,03,04,05,06,07,08,09,XX",,x,x,x,x,x,x,x,x,x
11,OASIS,600,SFW_EMAIL_ADR,SFTWR_VNDR_EMAIL_ADR,Software vendor email address,01,Control,Control,,Text,600,104,153,104-153,50,,"01,03,04,05,06,07,08,09,XX",,x,x,x,x,x,x,x,x,x
12,OASIS,650,SFW_PROD_NAME,SFTWR_PROD_NAME,Software product name,01,Control,Control,,Text,650,154,203,154-203,50,,"01,03,04,05,06,07,08,09,XX",,x,x,x,x,x,x,x,x,x
13,OASIS,700,SFW_PROD_VRSN_CD,SFTWR_PROD_VRSN_CD,Software product version code,01,Control,Control,,Text,700,204,223,204-223,20,,"01,03,04,05,06,07,08,09,XX",,x,x,x,x,x,x,x,x,x
14,OASIS,450,NATL_PRVDR_ID,NATL_PRVDR_ID,Agency National Provider ID (NPI),01,Control,Control,,Text,450,55,64,55-64,10,,"01,03,04,05,06,07,08,09,XX",,x,x,x,x,x,x,x,x,x
15,OASIS,750,ACY_DOC_CD,AGNCY_DOC_CD,Document ID code (agency use),01,Control,Control,,Text,750,224,243,224-243,20,,"01,03,04,05,06,07,08,09,XX",,x,x,x,x,x,x,x,x,x
16,OASIS,100000,CONTROL_ITEMS_FILLER,,Control items filler,03,Filler,Filler,,Filler,90000,1061,1260,1061-1260,200,,,"01,03,04,05,06,07,08,09,XX",,,,,,,,,
17,OASIS,1500,M0010_CCN,CMS_CRTFCTN_NUM,Facility CMS certification number (CCN),02,Asmt,Asmt,,Text,1500,254,259,254-259,6,,"01,03,04,05,06,07,08,09",XX,x,x,x,x,x,x,x,x,
18,OASIS,1600,M0014_BRANCH_STATE,BRNCH_STATE_CD,Branch state,02,Asmt,Asmt,,Code,1600,260,261,260-261,2,,"01,03,04,05,06,07,08,09",XX,x,x,x,x,x,x,x,x,
19,OASIS,1700,M0016_BRANCH_ID,BRNCH_ID,Branch ID,02,Asmt,Asmt,,Text,1700,262,271,262-271,10,,"01,03,04,05,06,07,08,09",XX,x,x,x,x,x,x,x,x,
20,OASIS,1800,M0018_PHYSICIAN_ID,NPI_NUM,Attending physician National Provider ID (NPI),02,Asmt,Asmt,,Text,1800,272,281,272-281,10,,"01,03,04,05,06,07,08,09",XX,x,x,x,x,x,x,x,x,
21,OASIS,1900,M0018_PHYSICIAN_UK,NPI_UNK_TXT,Attending physician NPI: Unknown,02,Asmt,Asmt,,Code,1900,282,282,282-282,1,,"01,03,04,05,06,07,08,09",XX,x,x,x,x,x,x,x,x,
22,OASIS,2000,M0020_PAT_ID,PTNT_ID,Patient ID number,02,Asmt,Asmt,,Text,2000,283,302,283-302,20,,"01,03,04,05,06,07,08,09",XX,x,x,x,x,x,x,x,x,
23,OASIS,2100,M0030_START_CARE_DT,STRT_CARE_DT,Start of care date,02,Asmt,Asmt,,Date,2100,303,310,303-310,8,,"01,03,04,05,06,07,08,09,XX",,x,x,x,x,x,x,x,x,x
24,OASIS,2200,M0032_ROC_DT,ROC_DT,Resumption of care date,02,Asmt,Asmt,,Date,2200,311,318,311-318,8,,"01,03,04,05,06,07,08,09,XX",,x,x,x,x,x,x,x,x,x
25,OASIS,2300,M0032_ROC_DT_NA,ROC_NA_TXT,No resumption of care date,02,Asmt,Asmt,,Code,2300,319,319,319-319,1,,"01,03,04,05,06,07,08,09,XX",,x,x,x,x,x,x,x,x,x
26,OASIS,2400,M0040_PAT_FNAME,FIRST_NAME,Patient's first name,02,Asmt,Asmt,,Text,2400,320,331,320-331,12,,"01,03,04,05,06,07,08,09,XX",,x,x,x,x,x,x,x,x,x
27,OASIS,2500,M0040_PAT_MI,MDL_INITL_TXT,Patient's middle initial,02,Asmt,Asmt,,Text,2500,332,332,332-332,1,,"01,03,04,05,06,07,08,09",XX,x,x,x,x,x,x,x,x,
28,OASIS,2600,M0040_PAT_LNAME,LAST_NAME,Patient's last name,02,Asmt,Asmt,,Text,2600,333,350,333-350,18,,"01,03,04,05,06,07,08,09,XX",,x,x,x,x,x,x,x,x,x
29,OASIS,2700,M0040_PAT_SUFFIX,SFX_TXT,Patient's suffix,02,Asmt,Asmt,,Text,2700,351,353,351-353,3,,"01,03,04,05,06,07,08,09",XX,x,x,x,x,x,x,x,x,
30,OASIS,2800,M0050_PAT_ST,PTNT_STATE_CD,Patient state of residence,02,Asmt,Asmt,,Code,2800,354,355,354-355,2,,"01,03,04,05,06,07,08,09",XX,x,x,x,x,x,x,x,x,
31,OASIS,2900,M0060_PAT_ZIP,PTNT_ZIP_CD,Patient zip code,02,Asmt,Asmt,,Text,2900,356,366,356-366,11,,"01,03,04,05,06,07,08,09",XX,x,x,x,x,x,x,x,x,
32,OASIS,3000,M0063_MEDICARE_NUM,MDCR_NUM,"Medicare number, including suffix",02,Asmt,Asmt,,Text,3000,367,378,367-378,12,,"01,03,04,05,06,07,08,09",XX,x,x,x,x,x,x,x,x,
33,OASIS,3100,M0063_MEDICARE_NA,MDCR_NA_TXT,No Medicare number,02,Asmt,Asmt,,Code,3100,379,379,379-379,1,,"01,03,04,05,06,07,08,09",XX,x,x,x,x,x,x,x,x,
34,OASIS,3200,M0064_SSN,SSN_NUM,Patient's Social Security number,02,Asmt,Asmt,,Text,3200,380,388,380-388,9,,"01,03,04,05,06,07,08,09,XX",,x,x,x,x,x,x,x,x,x
35,OASIS,3300,M0064_SSN_UK,SSN_UNK_TXT,No Social Security number,02,Asmt,Asmt,,Code,3300,389,389,389-389,1,,"01,03,04,05,06,07,08,09,XX",,x,x,x,x,x,x,x,x,x
36,OASIS,3400,M0065_MEDICAID_NUM,MDCD_NUM,Medicaid number,02,Asmt,Asmt,,Text,3400,390,403,390-403,14,,"01,03,04,05,06,07,08,09",XX,x,x,x,x,x,x,x,x,
37,OASIS,3500,M0065_MEDICAID_NA,MDCD_NA_TXT,No Medicaid number,02,Asmt,Asmt,,Code,3500,404,404,404-404,1,,"01,03,04,05,06,07,08,09",XX,x,x,x,x,x,x,x,x,
38,OASIS,3600,M0066_PAT_BIRTH_DT,BIRTH_DT,Date of birth,02,Asmt,Asmt,,Date,3600,405,412,405-412,8,,"01,03,04,05,06,07,08,09,XX",,x,x,x,x,x,x,x,x,x
39,OASIS,3700,M0069_PAT_GENDER,GNDR_CD,Gender,02,Asmt,Asmt,,Code,3700,413,413,413-413,1,,"01,03,04,05,06,07,08,09,XX",,x,x,x,x,x,x,x,x,x
40,OASIS,3800,M0140_ETHNIC_AI_AN,AMRCN_INDN_AK_NTV_CD,Ethnicity: American Indian or Alaska Native,02,Asmt,Asmt,,Code,3800,414,414,414-414,1,,"01,03","04,05,06,07,08,09,XX",x,x,,,,,,,
41,OASIS,3900,M0140_ETHNIC_ASIAN,ASN_CD,Ethnicity: Asian,02,Asmt,Asmt,,Code,3900,415,415,415-415,1,,"01,03","04,05,06,07,08,09,XX",x,x,,,,,,,
42,OASIS,4000,M0140_ETHNIC_BLACK,AFRCN_AMRCN_CD,Ethnicity: Black or African American,02,Asmt,Asmt,,Code,4000,416,416,416-416,1,,"01,03","04,05,06,07,08,09,XX",x,x,,,,,,,
43,OASIS,4100,M0140_ETHNIC_HISP,HSPNC_CD,Ethnicity: Hispanic or Latino,02,Asmt,Asmt,,Code,4100,417,417,417-417,1,,"01,03","04,05,06,07,08,09,XX",x,x,,,,,,,
44,OASIS,4200,M0140_ETHNIC_NH_PI,NTV_HI_PCFC_ISLNDR_CD,Ethnicity: Native Hawaiian/Pacific Islander,02,Asmt,Asmt,,Code,4200,418,418,418-418,1,,"01,03","04,05,06,07,08,09,XX",x,x,,,,,,,
45,OASIS,4300,M0140_ETHNIC_WHITE,WHT_CD,Ethnicity: White,02,Asmt,Asmt,,Code,4300,419,419,419-419,1,,"01,03","04,05,06,07,08,09,XX",x,x,,,,,,,
46,OASIS,4400,M0150_CPAY_NONE,NO_PMT_CD,Payment sources: no charge for current services,02,Asmt,Asmt,,Code,4400,420,420,420-420,1,,"01,03,04,05,06,07,08,09",XX,x,x,x,x,x,x,x,x,
47,OASIS,4500,M0150_CPAY_MCARE_FFS,MDCR_FFS_PMT_CD,Payment sources: Medicare fee-for-service,02,Asmt,Asmt,,Code,4500,421,421,421-421,1,,"01,03,04,05,06,07,08,09",XX,x,x,x,x,x,x,x,x,
48,OASIS,4600,M0150_CPAY_MCARE_HMO,MDCR_HMO_PMT_CD,Payment sources: Medicare HMO/managed care,02,Asmt,Asmt,,Code,4600,422,422,422-422,1,,"01,03,04,05,06,07,08,09",XX,x,x,x,x,x,x,x,x,
49,OASIS,4700,M0150_CPAY_MCAID_FFS,MDCD_FFS_PMT_CD,Payment sources: Medicaid fee-for-service,02,Asmt,Asmt,,Code,4700,423,423,423-423,1,,"01,03,04,05,06,07,08,09",XX,x,x,x,x,x,x,x,x,
50,OASIS,4800,M0150_CPAY_MCAID_HMO,MDCD_HMO_PMT_CD,Payment sources: Medicaid HMO/managed care,02,Asmt,Asmt,,Code,4800,424,424,424-424,1,,"01,03,04,05,06,07,08,09",XX,x,x,x,x,x,x,x,x,
51,OASIS,4900,M0150_CPAY_WRKCOMP,WC_PMT_CD,Payment sources: worker's compensation,02,Asmt,Asmt,,Code,4900,425,425,425-425,1,,"01,03,04,05,06,07,08,09",XX,x,x,x,x,x,x,x,x,
52,OASIS,5000,M0150_CPAY_TITLEPGMS,TITLE_PGM_PMT_CD,Payment sources: title programs,02,Asmt,Asmt,,Code,5000,426,426,426-426,1,,"01,03,04,05,06,07,08,09",XX,x,x,x,x,x,x,x,x,
53,OASIS,5100,M0150_CPAY_OTH_GOVT,OTHR_GOVT_PMT_CD,Payment sources: other government,02,Asmt,Asmt,,Code,5100,427,427,427-427,1,,"01,03,04,05,06,07,08,09",XX,x,x,x,x,x,x,x,x,
54,OASIS,5200,M0150_CPAY_PRIV_INS,PRVT_INSRNC_PMT_CD,Payment sources: private insurance,02,Asmt,Asmt,,Code,5200,428,428,428-428,1,,"01,03,04,05,06,07,08,09",XX,x,x,x,x,x,x,x,x,
55,OASIS,5300,M0150_CPAY_PRIV_HMO,PRVT_HMO_PMT_CD,Payment sources: private HMO/managed care,02,Asmt,Asmt,,Code,5300,429,429,429-429,1,,"01,03,04,05,06,07,08,09",XX,x,x,x,x,x,x,x,x,
56,OASIS,5400,M0150_CPAY_SELFPAY,SELF_PAY_PMT_CD,Payment sources: self-pay,02,Asmt,Asmt,,Code,5400,430,430,430-430,1,,"01,03,04,05,06,07,08,09",XX,x,x,x,x,x,x,x,x,
57,OASIS,5500,M0150_CPAY_OTHER,OTHR_PMT_CD,Payment sources: other,02,Asmt,Asmt,,Code,5500,431,431,431-431,1,,"01,03,04,05,06,07,08,09",XX,x,x,x,x,x,x,x,x,
58,OASIS,5600,M0150_CPAY_UK,UNK_PMT_CD,Payment sources: unknown,02,Asmt,Asmt,,Code,5600,432,432,432-432,1,,"01,03","04,05,06,07,08,09,XX",x,x,,,,,,,
59,OASIS,5700,M0080_ASSESSOR_DISCIPLINE,ASSR_DSCPLN_CD,Discipline of person completing assessment,02,Asmt,Asmt,,Code,5700,433,434,433-434,2,,"01,03,04,05,06,07,08,09",XX,x,x,x,x,x,x,x,x,
60,OASIS,5800,M0090_INFO_COMPLETED_DT,AMST_CMPLT_DT,Date assessment completed,02,Asmt,Asmt,,Date,5800,435,442,435-442,8,,"01,03,04,05,06,07,08,09,XX",,x,x,x,x,x,x,x,x,x
61,OASIS,5900,M0100_ASSMT_REASON,RSN_FOR_ASMT_CD,Reason for assessment,02,Asmt,Asmt,,Code,5900,443,444,443-444,2,,"01,03,04,05,06,07,08,09,XX",,x,x,x,x,x,x,x,x,x
62,OASIS,6000,M0102_PHYSN_ORDRD_SOCROC_DT,PHYSN_START_CARE_DT,Physician ordered SOC/ROC date,02,Asmt,Asmt,,Date,6000,445,452,445-452,8,,"01,03","04,05,06,07,08,09,XX",x,x,,,,,,,
63,OASIS,6100,M0102_PHYSN_ORDRD_SOCROC_DT_NA,PHYSN_START_CARE_NA_TXT,Physician ordered SOC/ROC date - NA,02,Asmt,Asmt,,Code,6100,453,453,453-453,1,,"01,03","04,05,06,07,08,09,XX",x,x,,,,,,,
64,OASIS,6200,M0104_PHYSN_RFRL_DT,RFRL_DT,Physician date of referral,02,Asmt,Asmt,,Date,6200,454,461,454-461,8,,"01,03","04,05,06,07,08,09,XX",x,x,,,,,,,
65,OASIS,6300,M0110_EPISODE_TIMING,EPSD_TIMING_CD,Episode timing,02,Asmt,Asmt,,Code,6300,462,463,462-463,2,,"01,03,04,05","06,07,08,09,XX",x,x,x,x,,,,,
66,OASIS,6400,M1000_DC_LTC_14_DA,DSCHRG_NF_CD,Past 14 days: disch from LTC NH,02,Asmt,Asmt,,Code,6400,464,464,464-464,1,,"01,03","04,05,06,07,08,09,XX",x,x,,,,,,,
67,OASIS,6500,M1000_DC_SNF_14_DA,DSCHRG_SNF_CD,Past 14 days: disch from skilled nursing facility,02,Asmt,Asmt,,Code,6500,465,465,465-465,1,,"01,03","04,05,06,07,08,09,XX",x,x,,,,,,,
68,OASIS,6600,M1000_DC_IPPS_14_DA,DSCHRG_IPPS_CD,Past 14 days: disch from short stay acute hospital,02,Asmt,Asmt,,Code,6600,466,466,466-466,1,,"01,03","04,05,06,07,08,09,XX",x,x,,,,,,,
69,OASIS,6700,M1000_DC_LTCH_14_DA,DSCHRG_LTCH_CD,Past 14 days: disch from long term care hospital,02,Asmt,Asmt,,Code,6700,467,467,467-467,1,,"01,03","04,05,06,07,08,09,XX",x,x,,,,,,,
70,OASIS,6800,M1000_DC_IRF_14_DA,DSCHRG_IRF_CD,Past 14 days: disch from inpatient rehab facility,02,Asmt,Asmt,,Code,6800,468,468,468-468,1,,"01,03","04,05,06,07,08,09,XX",x,x,,,,,,,
71,OASIS,6900,M1000_DC_PSYCH_14_DA,DSCHRG_PSYCH_CD,Past 14 days: disch from psych hospital or unit,02,Asmt,Asmt,,Code,6900,469,469,469-469,1,,"01,03","04,05,06,07,08,09,XX",x,x,,,,,,,
72,OASIS,7000,M1000_DC_OTH_14_DA,DSCHRG_OTHR_CD,Past 14 days: disch from other,02,Asmt,Asmt,,Code,7000,470,470,470-470,1,,"01,03","04,05,06,07,08,09,XX",x,x,,,,,,,
73,OASIS,7100,M1000_DC_NONE_14_DA,NO_DSCHRG_CD,Past 14 days: not disch from inpatient facility,02,Asmt,Asmt,,Code,7100,471,471,471-471,1,,"01,03","04,05,06,07,08,09,XX",x,x,,,,,,,
74,OASIS,7200,M1005_INP_DISCHARGE_DT,IP_DSCHRG_DT,Most recent inpatient discharge date,02,Asmt,Asmt,,Date,7200,472,479,472-479,8,,"01,03,04,05","06,07,08,09,XX",x,x,x,x,,,,,
75,OASIS,7300,M1005_INP_DSCHG_UNKNOWN,IP_DSCHRG_UNK_TXT,Inpatient discharge date unknown,02,Asmt,Asmt,,Code,7300,480,480,480-480,1,,"01,03,04,05","06,07,08,09,XX",x,x,x,x,,,,,
82,OASIS,110070,ITEM_FILLER_007,,Filler: replaces M1012_INP_PRCDR1_ICD,03,Filler,Filler,,Filler,8000,523,529,523-529,7,,,"01,03,04,05,06,07,08,09,XX",,,,,,,,,
83,OASIS,110080,ITEM_FILLER_008,,Filler: replaces M1012_INP_PRCDR2_ICD,03,Filler,Filler,,Filler,8100,530,536,530-536,7,,,"01,03,04,05,06,07,08,09,XX",,,,,,,,,
84,OASIS,110090,ITEM_FILLER_009,,Filler: replaces M1012_INP_PRCDR3_ICD,03,Filler,Filler,,Filler,8200,537,543,537-543,7,,,"01,03,04,05,06,07,08,09,XX",,,,,,,,,
85,OASIS,110100,ITEM_FILLER_010,,Filler: replaces M1012_INP_PRCDR4_ICD,03,Filler,Filler,,Filler,8300,544,550,544-550,7,,,"01,03,04,05,06,07,08,09,XX",,,,,,,,,
86,OASIS,110110,ITEM_FILLER_011,,Filler: replaces M1012_INP_NA_ICD,03,Filler,Filler,,Filler,8400,551,551,551-551,1,,,"01,03,04,05,06,07,08,09,XX",,,,,,,,,
87,OASIS,110120,ITEM_FILLER_012,,Filler: replaces M1012_INP_UK_ICD,03,Filler,Filler,,Filler,8600,552,552,552-552,1,,,"01,03,04,05,06,07,08,09,XX",,,,,,,,,
95,OASIS,9400,M1018_PRIOR_UR_INCON,PRIOR_URNRY_INCNTNC_CD,Prior condition: urinary incontinence,02,Asmt,Asmt,,Code,9400,596,596,596-596,1,,"01,03","04,05,06,07,08,09,XX",x,x,,,,,,,
96,OASIS,9500,M1018_PRIOR_CATH,PRIOR_INDWLG_CTHTR_CD,Prior condition: indwelling/suprapubic catheter,02,Asmt,Asmt,,Code,9500,597,597,597-597,1,,"01,03","04,05,06,07,08,09,XX",x,x,,,,,,,
97,OASIS,9600,M1018_PRIOR_INTRACT_PAIN,PRIOR_INTRK_PAIN_CD,Prior condition: intractable pain,02,Asmt,Asmt,,Code,9600,598,598,598-598,1,,"01,03","04,05,06,07,08,09,XX",x,x,,,,,,,
98,OASIS,9700,M1018_PRIOR_IMPR_DECSN,PRIOR_IMPRD_DCSN_MKG_CD,Prior condition: impaired decision-making,02,Asmt,Asmt,,Code,9700,599,599,599-599,1,,"01,03","04,05,06,07,08,09,XX",x,x,,,,,,,
99,OASIS,9800,M1018_PRIOR_DISRUPTIVE,PRIOR_DSRPTV_BHVR_CD,Prior condition: disruptive/inappropriate behav,02,Asmt,Asmt,,Code,9800,600,600,600-600,1,,"01,03","04,05,06,07,08,09,XX",x,x,,,,,,,
100,OASIS,9900,M1018_PRIOR_MEM_LOSS,PRIOR_MEMRY_LOSS_CD,"Prior condition: memory loss, supervision required",02,Asmt,Asmt,,Code,9900,601,601,601-601,1,,"01,03","04,05,06,07,08,09,XX",x,x,,,,,,,
101,OASIS,10000,M1018_PRIOR_NONE,PRIOR_COND_NOA_CD,Prior condition: none of the above,02,Asmt,Asmt,,Code,10000,602,602,602-602,1,,"01,03","04,05,06,07,08,09,XX",x,x,,,,,,,
102,OASIS,10100,M1018_PRIOR_NOCHG_14D,PRIOR_COND_NA_CD,Prior condition: no inpt disch/no change regimen,02,Asmt,Asmt,,Code,10100,603,603,603-603,1,,"01,03","04,05,06,07,08,09,XX",x,x,,,,,,,
103,OASIS,10200,M1018_PRIOR_UNKNOWN,PRIOR_COND_UNK_CD,Prior condition: unknown,02,Asmt,Asmt,,Code,10200,604,604,604-604,1,,"01,03","04,05,06,07,08,09,XX",x,x,,,,,,,
128,OASIS,12700,M1030_THH_IV_INFUSION,HOME_IV_THRPY_CD,"Therapies received at home: intravenous, infusion",02,Asmt,Asmt,,Code,12700,743,743,743-743,1,,"01,03,04,05","06,07,08,09,XX",x,x,x,x,,,,,
129,OASIS,12800,M1030_THH_PAR_NUTRITION,HOME_PRNTRL_CD,Therapies received at home: parenteral nutrition,02,Asmt,Asmt,,Code,12800,744,744,744-744,1,,"01,03,04,05","06,07,08,09,XX",x,x,x,x,,,,,
130,OASIS,12900,M1030_THH_ENT_NUTRITION,HOME_ENTRL_CD,Therapies received at home: enteral nutrition,02,Asmt,Asmt,,Code,12900,745,745,745-745,1,,"01,03,04,05","06,07,08,09,XX",x,x,x,x,,,,,
131,OASIS,13000,M1030_THH_NONE_ABOVE,HOME_NOA_CD,Therapies received at home: none of the above,02,Asmt,Asmt,,Code,13000,746,746,746-746,1,,"01,03,04,05","06,07,08,09,XX",x,x,x,x,,,,,
132,OASIS,110440,ITEM_FILLER_044,,Filler: replaces M1032_HOSP_RISK_RCNT_DCLN,03,Filler,Filler,,Filler,13100,747,747,747-747,1,,,"01,03,04,05,06,07,08,09,XX",,,,,,,,,
133,OASIS,110450,ITEM_FILLER_045,,Filler: replaces M1032_HOSP_RISK_MLTPL_HOSPZTN,03,Filler,Filler,,Filler,13200,748,748,748-748,1,,,"01,03,04,05,06,07,08,09,XX",,,,,,,,,
134,OASIS,110460,ITEM_FILLER_046,,Filler: replaces M1032_HOSP_RISK_HSTRY_FALLS,03,Filler,Filler,,Filler,13300,749,749,749-749,1,,,"01,03,04,05,06,07,08,09,XX",,,,,,,,,
135,OASIS,110470,ITEM_FILLER_047,,Filler: replaces M1032_HOSP_RISK_5PLUS_MDCTN,03,Filler,Filler,,Filler,13400,750,750,750-750,1,,,"01,03,04,05,06,07,08,09,XX",,,,,,,,,
136,OASIS,110480,ITEM_FILLER_048,,Filler: replaces M1032_HOSP_RISK_FRAILTY,03,Filler,Filler,,Filler,13500,751,751,751-751,1,,,"01,03,04,05,06,07,08,09,XX",,,,,,,,,
137,OASIS,110490,ITEM_FILLER_049,,Filler: replaces M1032_HOSP_RISK_OTHR,03,Filler,Filler,,Filler,13600,752,752,752-752,1,,,"01,03,04,05,06,07,08,09,XX",,,,,,,,,
138,OASIS,110500,ITEM_FILLER_050,,Filler: replaces M1032_HOSP_RISK_NONE_ABOVE,03,Filler,Filler,,Filler,13700,753,753,753-753,1,,,"01,03,04,05,06,07,08,09,XX",,,,,,,,,
139,OASIS,13800,M1034_PTNT_OVRAL_STUS,OVRAL_STUS_CD,Patient's overall status,02,Asmt,Asmt,,Code,13800,754,755,754-755,2,,"01,03","04,05,06,07,08,09,XX",x,x,,,,,,,
140,OASIS,13900,M1036_RSK_SMOKING,RISK_SMKNG_CD,High risk factor: smoking,02,Asmt,Asmt,,Code,13900,756,756,756-756,1,,"01,03","04,05,06,07,08,09,XX",x,x,,,,,,,
141,OASIS,14000,M1036_RSK_OBESITY,RISK_OBSTY_CD,High risk factor: obesity,02,Asmt,Asmt,,Code,14000,757,757,757-757,1,,"01,03","04,05,06,07,08,09,XX",x,x,,,,,,,
142,OASIS,14100,M1036_RSK_ALCOHOLISM,RISK_ALCHL_CD,High risk factor: alcoholism,02,Asmt,Asmt,,Code,14100,758,758,758-758,1,,"01,03","04,05,06,07,08,09,XX",x,x,,,,,,,
143,OASIS,14200,M1036_RSK_DRUGS,RISK_DRUG_CD,High risk factor: drugs,02,Asmt,Asmt,,Code,14200,759,759,759-759,1,,"01,03","04,05,06,07,08,09,XX",x,x,,,,,,,
144,OASIS,14300,M1036_RSK_NONE,RISK_NOA_CD,High risk factor: none of the above,02,Asmt,Asmt,,Code,14300,760,760,760-760,1,,"01,03","04,05,06,07,08,09,XX",x,x,,,,,,,
145,OASIS,14400,M1036_RSK_UNKNOWN,RISK_UNK_CD,High risk factor: unknown,02,Asmt,Asmt,,Code,14400,761,761,761-761,1,,"01,03","04,05,06,07,08,09,XX",x,x,,,,,,,
146,OASIS,110510,ITEM_FILLER_051,,Filler: replaces M1040_INFLNZ_RCVD_AGNCY,03,Filler,Filler,,Filler,14500,762,763,762-763,2,,,"01,03,04,05,06,07,08,09,XX",,,,,,,,,
147,OASIS,110520,ITEM_FILLER_052,,Filler: replaces M1045_INFLNZ_RSN_NOT_RCVD,03,Filler,Filler,,Filler,14600,764,765,764-765,2,,,"01,03,04,05,06,07,08,09,XX",,,,,,,,,
148,OASIS,110530,ITEM_FILLER_053,,Filler: replaces M1050_PPV_RCVD_AGNCY,03,Filler,Filler,,Filler,14700,766,766,766-766,1,,,"01,03,04,05,06,07,08,09,XX",,,,,,,,,
149,OASIS,110540,ITEM_FILLER_054,,Filler: replaces M1055_PPV_RSN_NOT_RCVD_AGNCY,03,Filler,Filler,,Filler,14800,767,768,767-768,2,,,"01,03,04,05,06,07,08,09,XX",,,,,,,,,
150,OASIS,14900,M1100_PTNT_LVG_STUTN,PTNT_LVG_ARNGMT_CD,Patient living situation,02,Asmt,Asmt,,Code,14900,769,770,769-770,2,,"01,03","04,05,06,07,08,09,XX",x,x,,,,,,,
151,OASIS,15000,M1200_VISION,VSN_CD,Sensory status: vision,02,Asmt,Asmt,,Code,15000,771,772,771-772,2,,"01,03,04,05","06,07,08,09,XX",x,x,x,x,,,,,
152,OASIS,15100,M1210_HEARG_ABLTY,HEARG_CD,Ability to hear,02,Asmt,Asmt,,Code,15100,773,774,773-774,2,,"01,03","04,05,06,07,08,09,XX",x,x,,,,,,,
153,OASIS,15200,M1220_UNDRSTG_VERBAL_CNTNT,UNDRSTND_VRBL_CD,Understanding verbal content in patient's language,02,Asmt,Asmt,,Code,15200,775,776,775-776,2,,"01,03","04,05,06,07,08,09,XX",x,x,,,,,,,
154,OASIS,15300,M1230_SPEECH,VRBL_EXPRSN_CD,Sensory status: speech,02,Asmt,Asmt,,Code,15300,777,778,777-778,2,,"01,03,09","04,05,06,07,08,XX",x,x,,,,,,x,
155,OASIS,15400,M1240_FRML_PAIN_ASMT,PAIN_ASMT_CD,Has patient had a formal validated pain assessment,02,Asmt,Asmt,,Code,15400,779,780,779-780,2,,"01,03","04,05,06,07,08,09,XX",x,x,,,,,,,
156,OASIS,15500,M1242_PAIN_FREQ_ACTVTY_MVMT,PAIN_FREQ_CD,Freq of pain interfering with pt activity/movement,02,Asmt,Asmt,,Code,15500,781,782,781-782,2,,"01,03,04,05,09","06,07,08,XX",x,x,x,x,,,,x,
157,OASIS,15600,M1300_PRSR_ULCR_RISK_ASMT,PRSR_ULCR_ASMT_CD,Was patient assessed for risk of developing PUs,02,Asmt,Asmt,,Code,15600,783,784,783-784,2,,"01,03","04,05,06,07,08,09,XX",x,x,,,,,,,
158,OASIS,15700,M1302_RISK_OF_PRSR_ULCR,PRSR_ULCR_RISK_CD,Does this patient have a risk of developing PUs,02,Asmt,Asmt,,Code,15700,785,785,785-785,1,,"01,03","04,05,06,07,08,09,XX",x,x,,,,,,,
159,OASIS,15800,M1306_UNHLD_STG2_PRSR_ULCR,PRSR_ULCR_UNHLD_STG_2_CD,Patient has 1+ unhealed PU at stage 2 or higher,02,Asmt,Asmt,,Code,15800,786,786,786-786,1,,"01,03,04,05,09","06,07,08,XX",x,x,x,x,,,,x,
160,OASIS,16010,M1307_OLDST_STG2_ONST_DT,PRSR_ULCR_OLDST_DVLP_DT,Date of onset of oldest stage 2 pressure ulcer,02,Asmt,Asmt,,Date,16010,789,796,789-796,8,,09,"01,03,04,05,06,07,08,XX",,,,,,,,x,
161,OASIS,16000,M1307_OLDST_STG2_AT_DSCHRG,PRSR_ULCR_OLDST_SOC_CD,Status of oldest stage 2 pressure ulcer at disch,02,Asmt,Asmt,,Code,16000,787,788,787-788,2,,09,"01,03,04,05,06,07,08,XX",,,,,,,,x,
162,OASIS,16100,M1308_NBR_PRSULC_STG2,STG_2_ULCR_NUM,Number of stage 2 pressure ulcers,02,Asmt,Asmt,,Number,16100,797,798,797-798,2,,"01,03,04,05,09","06,07,08,XX",x,x,x,x,,,,x,
163,OASIS,110550,ITEM_FILLER_055,,Filler: replaces M1308_NBR_STG2_AT_SOC_ROC,03,Filler,Filler,,Filler,16200,799,800,799-800,2,,,"01,03,04,05,06,07,08,09,XX",,,,,,,,,
164,OASIS,16300,M1308_NBR_PRSULC_STG3,STG_3_ULCR_NUM,Number of stage 3 pressure ulcers,02,Asmt,Asmt,,Number,16300,801,802,801-802,2,,"01,03,04,05,09","06,07,08,XX",x,x,x,x,,,,x,
165,OASIS,110560,ITEM_FILLER_056,,Filler: replaces M1308_NBR_STG3_AT_SOC_ROC,03,Filler,Filler,,Filler,16400,803,804,803-804,2,,,"01,03,04,05,06,07,08,09,XX",,,,,,,,,
166,OASIS,16500,M1308_NBR_PRSULC_STG4,STG_4_ULCR_NUM,Number of stage 4 pressure ulcers,02,Asmt,Asmt,,Number,16500,805,806,805-806,2,,"01,03,04,05,09","06,07,08,XX",x,x,x,x,,,,x,
167,OASIS,110560,ITEM_FILLER_057,,Filler: replaces M1308_NBR_STG4_AT_SOC_ROC,03,Filler,Filler,,Filler,16600,807,808,807-808,2,,,"01,03,04,05,06,07,08,09,XX",,,,,,,,,
168,OASIS,16700,M1308_NSTG_DRSG,UNSTGBL_ULCR_DRSNG_NUM,Unstageable: non-removable dressing/device,02,Asmt,Asmt,,Number,16700,809,810,809-810,2,,"01,03,04,05,09","06,07,08,XX",x,x,x,x,,,,x,
169,OASIS,110570,ITEM_FILLER_058,,Filler: replaces M1308_NSTG_DRSG_SOC_ROC,03,Filler,Filler,,Filler,16800,811,812,811-812,2,,,"01,03,04,05,06,07,08,09,XX",,,,,,,,,
170,OASIS,16900,M1308_NSTG_CVRG,UNSTGBL_ULCR_ESC_NUM,Unstageable: coverage by slough or eschar,02,Asmt,Asmt,,Number,16900,813,814,813-814,2,,"01,03,04,05,09","06,07,08,XX",x,x,x,x,,,,x,
171,OASIS,110580,ITEM_FILLER_059,,Filler: replaces M1308_NSTG_CVRG_SOC_ROC,03,Filler,Filler,,Filler,17000,815,816,815-816,2,,,"01,03,04,05,06,07,08,09,XX",,,,,,,,,
172,OASIS,17100,M1308_NSTG_DEEP_TISUE,UNSTGBL_ULCR_DEEP_NUM,Unstageable: suspect deep tissue injury,02,Asmt,Asmt,,Number,17100,817,818,817-818,2,,"01,03,04,05,09","06,07,08,XX",x,x,x,x,,,,x,
173,OASIS,110590,ITEM_FILLER_060,,Filler: replaces M1308_NSTG_DEEP_TISUE_SOC_ROC,03,Filler,Filler,,Filler,17200,819,820,819-820,2,,,"01,03,04,05,06,07,08,09,XX",,,,,,,,,
174,OASIS,110600,ITEM_FILLER_061,,Filler: replaces M1310_PRSR_ULCR_LNGTH,03,Filler,Filler,,Filler,17300,821,824,821-824,4,,,"01,03,04,05,06,07,08,09,XX",,,,,,,,,
175,OASIS,110610,ITEM_FILLER_062,,Filler: replaces M1312_PRSR_ULCR_WDTH,03,Filler,Filler,,Filler,17400,825,828,825-828,4,,,"01,03,04,05,06,07,08,09,XX",,,,,,,,,
176,OASIS,110620,ITEM_FILLER_063,,Filler: replaces M1314_PRSR_ULCR_DEPTH,03,Filler,Filler,,Filler,17500,829,832,829-832,4,,,"01,03,04,05,06,07,08,09,XX",,,,,,,,,
177,OASIS,17600,M1320_STUS_PRBLM_PRSR_ULCR,PRBLM_PRCR_ULCR_STUS_CD,Status of most problematic pressure ulcer,02,Asmt,Asmt,,Code,17600,833,834,833-834,2,,"01,03,09","04,05,06,07,08,XX",x,x,,,,,,x,
178,OASIS,17700,M1322_NBR_PRSULC_STG1,STG_1_ULCR_NUM,Number of stage 1 pressure ulcers,02,Asmt,Asmt,,Code,17700,835,836,835-836,2,,"01,03,04,05,09","06,07,08,XX",x,x,x,x,,,,x,
179,OASIS,17800,M1324_STG_PRBLM_ULCER,PRMBL_PRSR_ULCR_STG_CD,Stage of most problematic pressure ulcer,02,Asmt,Asmt,,Code,17800,837,838,837-838,2,,"01,03,04,05,09","06,07,08,XX",x,x,x,x,,,,x,
180,OASIS,17900,M1330_STAS_ULCR_PRSNT,STATIS_ULCR_CD,Does this patient have a stasis ulcer,02,Asmt,Asmt,,Code,17900,839,840,839-840,2,,"01,03,04,05,09","06,07,08,XX",x,x,x,x,,,,x,
181,OASIS,18000,M1332_NBR_STAS_ULCR,STATIS_ULCR_NUM,Number of stasis ulcers,02,Asmt,Asmt,,Code,18000,841,842,841-842,2,,"01,03,04,05,09","06,07,08,XX",x,x,x,x,,,,x,
182,OASIS,18100,M1334_STUS_PRBLM_STAS_ULCR,STATIS_ULCR_STUS_CD,Status of most problematic stasis ulcer,02,Asmt,Asmt,,Code,18100,843,844,843-844,2,,"01,03,04,05,09","06,07,08,XX",x,x,x,x,,,,x,
183,OASIS,18200,M1340_SRGCL_WND_PRSNT,SRGCL_WND_CD,Does this patient have a surgical wound,02,Asmt,Asmt,,Code,18200,845,846,845-846,2,,"01,03,04,05,09","06,07,08,XX",x,x,x,x,,,,x,
184,OASIS,18300,M1342_STUS_PRBLM_SRGCL_WND,SRGCL_WND_STUS_CD,Status of most problematic surgical wound,02,Asmt,Asmt,,Code,18300,847,848,847-848,2,,"01,03,04,05,09","06,07,08,XX",x,x,x,x,,,,x,
185,OASIS,18400,M1350_LESION_OPEN_WND,OPEN_LSN_CD,Has skin lesion or open wound,02,Asmt,Asmt,,Code,18400,849,849,849-849,1,,"01,03","04,05,06,07,08,09,XX",x,x,,,,,,,
186,OASIS,18500,M1400_WHEN_DYSPNEIC,SOB_CD,When dyspneic,02,Asmt,Asmt,,Code,18500,850,851,850-851,2,,"01,03,04,05,09","06,07,08,XX",x,x,x,x,,,,x,
187,OASIS,18600,M1410_RESPTX_OXYGEN,OXGN_CD,Respiratory treatments: oxygen,02,Asmt,Asmt,,Code,18600,852,852,852-852,1,,"01,03","04,05,06,07,08,09,XX",x,x,,,,,,,
188,OASIS,18700,M1410_RESPTX_VENTILATOR,VNTLTR_CD,Respiratory treatments: ventilator,02,Asmt,Asmt,,Code,18700,853,853,853-853,1,,"01,03","04,05,06,07,08,09,XX",x,x,,,,,,,
189,OASIS,18800,M1410_RESPTX_AIRPRESS,CPAP_CD,Respiratory treatments: airway pressure,02,Asmt,Asmt,,Code,18800,854,854,854-854,1,,"01,03","04,05,06,07,08,09,XX",x,x,,,,,,,
190,OASIS,18900,M1410_RESPTX_NONE,RSPRTRY_TRTMT_NOA_CD,Respiratory treatments: none of the above,02,Asmt,Asmt,,Code,18900,855,855,855-855,1,,"01,03","04,05,06,07,08,09,XX",x,x,,,,,,,
191,OASIS,19000,M1500_SYMTM_HRT_FAILR_PTNTS,HRT_FAILR_CD,Symptoms in heart failure patients,02,Asmt,Asmt,,Code,19000,856,857,856-857,2,,"06,07,09","01,03,04,05,08,XX",,,,,x,x,,x,
192,OASIS,19100,M1510_HRT_FAILR_NO_ACTN,HF_NO_ACTN_CD,Heart failure follow up:  no action,02,Asmt,Asmt,,Code,19100,858,858,858-858,1,,"06,07,09","01,03,04,05,08,XX",,,,,x,x,,x,
193,OASIS,19200,M1510_HRT_FAILR_PHYSN_CNTCT,HF_PHYSN_CNTCT_CD,Heart failure follow up:  physician contacted,02,Asmt,Asmt,,Code,19200,859,859,859-859,1,,"06,07,09","01,03,04,05,08,XX",,,,,x,x,,x,
194,OASIS,19300,M1510_HRT_FAILR_ER_TRTMT,HF_ER_TRTMT_CD,Heart failure follow up:  ER treatment advised,02,Asmt,Asmt,,Code,19300,860,860,860-860,1,,"06,07,09","01,03,04,05,08,XX",,,,,x,x,,x,
195,OASIS,19400,M1510_HRT_FAILR_PHYSN_TRTMT,HF_PHYSN_TRTMT_CD,Heart failure follow up:  phys-ordered treatmnt,02,Asmt,Asmt,,Code,19400,861,861,861-861,1,,"06,07,09","01,03,04,05,08,XX",,,,,x,x,,x,
196,OASIS,19500,M1510_HRT_FAILR_CLNCL_INTRVTN,HF_CLNCL_INTRVTN_CD,Heart failure follow up: pt educ/other clinical,02,Asmt,Asmt,,Code,19500,862,862,862-862,1,,"06,07,09","01,03,04,05,08,XX",,,,,x,x,,x,
197,OASIS,19600,M1510_HRT_FAILR_CARE_PLAN_CHG,HF_CARE_PLAN_CHG_CD,Heart failure follow up: change in care plan,02,Asmt,Asmt,,Code,19600,863,863,863-863,1,,"06,07,09","01,03,04,05,08,XX",,,,,x,x,,x,
198,OASIS,19700,M1600_UTI,UTI_CD,Treated for urinary tract infection past 14 days,02,Asmt,Asmt,,Code,19700,864,865,864-865,2,,"01,03,09","04,05,06,07,08,XX",x,x,,,,,,x,
199,OASIS,19800,M1610_UR_INCONT,URNRY_CNTNC_CD,Urinary incontinence or urinary catheter present,02,Asmt,Asmt,,Code,19800,866,867,866-867,2,,"01,03,04,05,09","06,07,08,XX",x,x,x,x,,,,x,
200,OASIS,19900,M1615_INCNTNT_TIMING,URNRY_CNTNC_FREQ_CD,When urinary incontinence occurs,02,Asmt,Asmt,,Code,19900,868,869,868-869,2,,"01,03,09","04,05,06,07,08,XX",x,x,,,,,,x,
201,OASIS,20000,M1620_BWL_INCONT,BWL_CNTNC_FREQ_CD,Bowel incontinence frequency,02,Asmt,Asmt,,Code,20000,870,871,870-871,2,,"01,03,04,05,09","06,07,08,XX",x,x,x,x,,,,x,
202,OASIS,20100,M1630_OSTOMY,OSTMY_CD,Ostomy for bowel elimination,02,Asmt,Asmt,,Code,20100,872,873,872-873,2,,"01,03,04,05","06,07,08,09,XX",x,x,x,x,,,,,
203,OASIS,20200,M1700_COG_FUNCTION,CGNTV_FNCTN_CD,Cognitive functioning,02,Asmt,Asmt,,Code,20200,874,875,874-875,2,,"01,03,09","04,05,06,07,08,XX",x,x,,,,,,x,
204,OASIS,20300,M1710_WHEN_CONFUSED,CNFSD_FREQ_CD,When confused (reported or observed),02,Asmt,Asmt,,Code,20300,876,877,876-877,2,,"01,03,09","04,05,06,07,08,XX",x,x,,,,,,x,
205,OASIS,20400,M1720_WHEN_ANXIOUS,ANXIOUS_FREQ_CD,When anxious (reported or observed),02,Asmt,Asmt,,Code,20400,878,879,878-879,2,,"01,03,09","04,05,06,07,08,XX",x,x,,,,,,x,
206,OASIS,20500,M1730_STDZ_DPRSN_SCRNG,DPRSN_SCRNG_CD,Screened for depression using validated tool,02,Asmt,Asmt,,Code,20500,880,881,880-881,2,,"01,03","04,05,06,07,08,09,XX",x,x,,,,,,,
207,OASIS,20600,M1730_PHQ2_LACK_INTRST,PHQ2_INTRST_CD,PHQ2: little interest or pleasure in doing things,02,Asmt,Asmt,,Code,20600,882,883,882-883,2,,"01,03","04,05,06,07,08,09,XX",x,x,,,,,,,
208,OASIS,20700,M1730_PHQ2_DPRSN,PHQ2_DPRSD_CD,"PHQ2: feeling down, depressed or hopeless",02,Asmt,Asmt,,Code,20700,884,885,884-885,2,,"01,03","04,05,06,07,08,09,XX",x,x,,,,,,,
209,OASIS,20800,M1740_BD_MEM_DEFICIT,MEMRY_DFCT_CD,Behavior demonstrated: memory deficit,02,Asmt,Asmt,,Code,20800,886,886,886-886,1,,"01,03,09","04,05,06,07,08,XX",x,x,,,,,,x,
210,OASIS,20900,M1740_BD_IMP_DECISN,IMPRD_DCSN_CD,Behavior demonstrated: impaired decision-making,02,Asmt,Asmt,,Code,20900,887,887,887-887,1,,"01,03,09","04,05,06,07,08,XX",x,x,,,,,,x,
211,OASIS,21000,M1740_BD_VERBAL,VRBL_DSRPTN_CD,Behavior demonstrated: verbal disruption,02,Asmt,Asmt,,Code,21000,888,888,888-888,1,,"01,03,09","04,05,06,07,08,XX",x,x,,,,,,x,
212,OASIS,21100,M1740_BD_PHYSICAL,PHYS_AGRSN_CD,Behavior demonstrated: physical aggression,02,Asmt,Asmt,,Code,21100,889,889,889-889,1,,"01,03,09","04,05,06,07,08,XX",x,x,,,,,,x,
213,OASIS,21200,M1740_BD_SOC_INAPPRO,DSRPTV_CD,Behavior demonstrated: socially inappropriate,02,Asmt,Asmt,,Code,21200,890,890,890-890,1,,"01,03,09","04,05,06,07,08,XX",x,x,,,,,,x,
214,OASIS,21300,M1740_BD_DELUSIONS,DLSNL_CD,Behavior demonstrated: delusions,02,Asmt,Asmt,,Code,21300,891,891,891-891,1,,"01,03,09","04,05,06,07,08,XX",x,x,,,,,,x,
215,OASIS,21400,M1740_BD_NONE,CGNTV_NOA_CD,Behavior demonstrated: none of the above,02,Asmt,Asmt,,Code,21400,892,892,892-892,1,,"01,03,09","04,05,06,07,08,XX",x,x,,,,,,x,
216,OASIS,21500,M1745_BEH_PROB_FREQ,DSRPTV_BHVR_FREQ_CD,Frequency of behavior problems,02,Asmt,Asmt,,Code,21500,893,894,893-894,2,,"01,03,09","04,05,06,07,08,XX",x,x,,,,,,x,
217,OASIS,21600,M1750_REC_PSYCH_NURS,PHYCH_NRSG_SRVC_CD,Receives psychiatric nursing,02,Asmt,Asmt,,Code,21600,895,895,895-895,1,,"01,03","04,05,06,07,08,09,XX",x,x,,,,,,,
218,OASIS,21700,M1800_CRNT_GROOMING,GRMG_CD,Current: grooming,02,Asmt,Asmt,,Code,21700,896,897,896-897,2,,"01,03,09","04,05,06,07,08,XX",x,x,,,,,,x,
219,OASIS,21800,M1810_CRNT_DRESS_UPPER,DRESS_UPR_CD,Current: dress upper body,02,Asmt,Asmt,,Code,21800,898,899,898-899,2,,"01,03,04,05,09","06,07,08,XX",x,x,x,x,,,,x,
220,OASIS,21900,M1820_CRNT_DRESS_LOWER,DRESS_LWR_CD,Current: dress lower body,02,Asmt,Asmt,,Code,21900,900,901,900-901,2,,"01,03,04,05,09","06,07,08,XX",x,x,x,x,,,,x,
221,OASIS,22000,M1830_CRNT_BATHG,BATHG_CD,Current: bathing,02,Asmt,Asmt,,Code,22000,902,903,902-903,2,,"01,03,04,05,09","06,07,08,XX",x,x,x,x,,,,x,
222,OASIS,22100,M1840_CRNT_TOILTG,TOILT_TRNSFR_CD,Current: toileting,02,Asmt,Asmt,,Code,22100,904,905,904-905,2,,"01,03,04,05,09","06,07,08,XX",x,x,x,x,,,,x,
223,OASIS,22200,M1845_CRNT_TOILTG_HYGN,TOILT_HYGNE_CD,Current: toileting hygiene,02,Asmt,Asmt,,Code,22200,906,907,906-907,2,,"01,03,09","04,05,06,07,08,XX",x,x,,,,,,x,
224,OASIS,22300,M1850_CRNT_TRNSFRNG,TRNSFRG_CD,Current: transferring,02,Asmt,Asmt,,Code,22300,908,909,908-909,2,,"01,03,04,05,09","06,07,08,XX",x,x,x,x,,,,x,
225,OASIS,22400,M1860_CRNT_AMBLTN,AMBLTN_CD,Current: ambulation,02,Asmt,Asmt,,Code,22400,910,911,910-911,2,,"01,03,04,05,09","06,07,08,XX",x,x,x,x,,,,x,
226,OASIS,22500,M1870_CRNT_FEEDING,EATG_CD,Current: feeding,02,Asmt,Asmt,,Code,22500,912,913,912-913,2,,"01,03,09","04,05,06,07,08,XX",x,x,,,,,,x,
227,OASIS,22600,M1880_CRNT_PREP_LT_MEALS,PREP_MEAL_CD,Current: prepare light meals,02,Asmt,Asmt,,Code,22600,914,915,914-915,2,,"01,03,09","04,05,06,07,08,XX",x,x,,,,,,x,
228,OASIS,22700,M1890_CRNT_PHONE_USE,TEL_CD,Current: telephone use,02,Asmt,Asmt,,Code,22700,916,917,916-917,2,,"01,03,09","04,05,06,07,08,XX",x,x,,,,,,x,
229,OASIS,22800,M1900_PRIOR_ADLIADL_SELF,PRIOR_SELF_CARE_CD,Prior functioning ADL/IADL: self-care,02,Asmt,Asmt,,Code,22800,918,919,918-919,2,,"01,03","04,05,06,07,08,09,XX",x,x,,,,,,,
230,OASIS,22900,M1900_PRIOR_ADLIADL_AMBLTN,PRIOR_AMBLTN_CD,Prior functioning ADL/IADL: ambulation,02,Asmt,Asmt,,Code,22900,920,921,920-921,2,,"01,03","04,05,06,07,08,09,XX",x,x,,,,,,,
231,OASIS,23000,M1900_PRIOR_ADLIADL_TRNSFR,PRIOR_TRNSR_CD,Prior functioning ADL/IADL: transfer,02,Asmt,Asmt,,Code,23000,922,923,922-923,2,,"01,03","04,05,06,07,08,09,XX",x,x,,,,,,,
232,OASIS,23100,M1900_PRIOR_ADLIADL_HSEHOLD,PRIOR_HSEHLD_TASK_CD,Prior functioning ADL/IADL: household tasks,02,Asmt,Asmt,,Code,23100,924,925,924-925,2,,"01,03","04,05,06,07,08,09,XX",x,x,,,,,,,
233,OASIS,23200,M1910_MLT_FCTR_FALL_RISK_ASMT,FALL_RISK_ASMT_CD,Has patient had a multi-factor fall risk asmt,02,Asmt,Asmt,,Code,23200,926,927,926-927,2,,"01,03","04,05,06,07,08,09,XX",x,x,,,,,,,
234,OASIS,23300,M2000_DRUG_RGMN_RVW,DRUG_RVW_CD,Drug regimen review,02,Asmt,Asmt,,Code,23300,928,929,928-929,2,,"01,03","04,05,06,07,08,09,XX",x,x,,,,,,,
235,OASIS,23400,M2002_MDCTN_FLWP,MDCTN_FLWP_CD,Medication follow-up,02,Asmt,Asmt,,Code,23400,930,930,930-930,1,,"01,03","04,05,06,07,08,09,XX",x,x,,,,,,,
236,OASIS,23500,M2004_MDCTN_INTRVTN,MDCTN_INTRVTN_CD,Medication intervention,02,Asmt,Asmt,,Code,23500,931,932,931-932,2,,"06,07,09","01,03,04,05,08,XX",,,,,x,x,,x,
237,OASIS,23600,M2010_HIGH_RISK_DRUG_EDCTN,DRUG_EDCTN_CD,Patient/caregiver high risk drug education,02,Asmt,Asmt,,Code,23600,933,934,933-934,2,,"01,03","04,05,06,07,08,09,XX",x,x,,,,,,,
238,OASIS,23700,M2015_DRUG_EDCTN_INTRVTN,DRUG_INTRVTN_CD,Patient/caregiver drug education intervention,02,Asmt,Asmt,,Code,23700,935,936,935-936,2,,"06,07,09","01,03,04,05,08,XX",,,,,x,x,,x,
239,OASIS,23800,M2020_CRNT_MGMT_ORAL_MDCTN,ORAL_MDCTN_CD,Current: management of oral medications,02,Asmt,Asmt,,Code,23800,937,938,937-938,2,,"01,03,09","04,05,06,07,08,XX",x,x,,,,,,x,
240,OASIS,23900,M2030_CRNT_MGMT_INJCTN_MDCTN,INJCT_MDCTN_CD,Current: management of injectable medications,02,Asmt,Asmt,,Code,23900,939,940,939-940,2,,"01,03,04,05,09","06,07,08,XX",x,x,x,x,,,,x,
241,OASIS,24000,M2040_PRIOR_MGMT_ORAL_MDCTN,PRIOR_ORAL_MDCTN_CD,Prior med mgmt: oral medications,02,Asmt,Asmt,,Code,24000,941,942,941-942,2,,"01,03","04,05,06,07,08,09,XX",x,x,,,,,,,
242,OASIS,24100,M2040_PRIOR_MGMT_INJCTN_MDCTN,PRIOR_INJCT_MDCTN_CD,Prior med mgmt: injectable medications,02,Asmt,Asmt,,Code,24100,943,944,943-944,2,,"01,03","04,05,06,07,08,09,XX",x,x,,,,,,,
243,OASIS,110630,ITEM_FILLER_064,,Filler: replaces M2100_CARE_TYPE_SRC_ADL,03,Filler,Filler,,Filler,24200,945,946,945-946,2,,,"01,03,04,05,06,07,08,09,XX",,,,,,,,,
244,OASIS,110640,ITEM_FILLER_065,,Filler: replaces M2100_CARE_TYPE_SRC_IADL,03,Filler,Filler,,Filler,24300,947,948,947-948,2,,,"01,03,04,05,06,07,08,09,XX",,,,,,,,,
245,OASIS,110650,ITEM_FILLER_066,,Filler: replaces M2100_CARE_TYPE_SRC_MDCTN,03,Filler,Filler,,Filler,24400,949,950,949-950,2,,,"01,03,04,05,06,07,08,09,XX",,,,,,,,,
246,OASIS,110660,ITEM_FILLER_067,,Filler: replaces M2100_CARE_TYPE_SRC_PRCDR,03,Filler,Filler,,Filler,24500,951,952,951-952,2,,,"01,03,04,05,06,07,08,09,XX",,,,,,,,,
247,OASIS,110670,ITEM_FILLER_068,,Filler: replaces M2100_CARE_TYPE_SRC_EQUIP,03,Filler,Filler,,Filler,24600,953,954,953-954,2,,,"01,03,04,05,06,07,08,09,XX",,,,,,,,,
248,OASIS,110680,ITEM_FILLER_069,,Filler: replaces M2100_CARE_TYPE_SRC_SPRVSN,03,Filler,Filler,,Filler,24700,955,956,955-956,2,,,"01,03,04,05,06,07,08,09,XX",,,,,,,,,
249,OASIS,110690,ITEM_FILLER_070,,Filler: replaces M2100_CARE_TYPE_SRC_ADVCY,03,Filler,Filler,,Filler,24800,957,958,957-958,2,,,"01,03,04,05,06,07,08,09,XX",,,,,,,,,
250,OASIS,24900,M2110_ADL_IADL_ASTNC_FREQ,ADL_IADL_ASTNC_FREQ_CD,How often recv non-HHA caregiver ADL/IADL assist,02,Asmt,Asmt,,Code,24900,959,960,959-960,2,,"01,03","04,05,06,07,08,09,XX",x,x,,,,,,,
251,OASIS,25000,M2200_THER_NEED_NBR,THRPY_VISIT_NUM,Therapy need: number of visits indicated,02,Asmt,Asmt,,Number,25000,961,963,961-963,3,,"01,03,04,05","06,07,08,09,XX",x,x,x,x,,,,,
252,OASIS,25100,M2200_THER_NEED_NA,THRPY_NA_CD,Therapy need: not applicable,02,Asmt,Asmt,,Code,25100,964,964,964-964,1,,"01,03,04,05","06,07,08,09,XX",x,x,x,x,,,,,
253,OASIS,25200,M2250_PLAN_SMRY_PTNT_SPECF,POC_PHYSN_NTFY_CD,Plan of care synopsis: patient specific parameters,02,Asmt,Asmt,,Code,25200,965,966,965-966,2,,"01,03","04,05,06,07,08,09,XX",x,x,,,,,,,
254,OASIS,25300,M2250_PLAN_SMRY_DBTS_FT_CARE,POC_DBTC_FOOT_CD,Plan of care synopsis: diabetic foot care,02,Asmt,Asmt,,Code,25300,967,968,967-968,2,,"01,03","04,05,06,07,08,09,XX",x,x,,,,,,,
255,OASIS,25400,M2250_PLAN_SMRY_FALL_PRVNT,POC_FALL_PRVTN_CD,Plan of care synopsis: falls prevention,02,Asmt,Asmt,,Code,25400,969,970,969-970,2,,"01,03","04,05,06,07,08,09,XX",x,x,,,,,,,
256,OASIS,25500,M2250_PLAN_SMRY_DPRSN_INTRVTN,POC_DPRSN_PRVTN_CD,Plan of care synopsis: depression interventions,02,Asmt,Asmt,,Code,25500,971,972,971-972,2,,"01,03","04,05,06,07,08,09,XX",x,x,,,,,,,
257,OASIS,25600,M2250_PLAN_SMRY_PAIN_INTRVTN,POC_PAIN_INTRVTN_CD,Plan of care synopsis: pain interventions,02,Asmt,Asmt,,Code,25600,973,974,973-974,2,,"01,03","04,05,06,07,08,09,XX",x,x,,,,,,,
258,OASIS,25700,M2250_PLAN_SMRY_PRSULC_PRVNT,POC_PRVNT_PRSR_ULCR_CD,Plan of care synopsis: PU prevention,02,Asmt,Asmt,,Code,25700,975,976,975-976,2,,"01,03","04,05,06,07,08,09,XX",x,x,,,,,,,
259,OASIS,25800,M2250_PLAN_SMRY_PRSULC_TRTMT,POC_PRSR_ULCR_TRMNT_CD,Plan of care synopsis: PU moist treatment,02,Asmt,Asmt,,Code,25800,977,978,977-978,2,,"01,03","04,05,06,07,08,09,XX",x,x,,,,,,,
260,OASIS,25900,M2300_EMER_USE_AFTR_LAST_ASMT,EMRGNT_CARE_CD,Emergent care: use since previous OASIS,02,Asmt,Asmt,,Code,25900,979,980,979-980,2,,"06,07,09","01,03,04,05,08,XX",,,,,x,x,,x,
261,OASIS,26000,M2310_ECR_MEDICATION,EC_MDCTN_CD,Emergent care reason: medication,02,Asmt,Asmt,,Code,26000,981,981,981-981,1,,"06,07,09","01,03,04,05,08,XX",,,,,x,x,,x,
262,OASIS,26100,M2310_ECR_INJRY_BY_FALL,EC_FALL_CD,Emergent care reason: injury caused by fall,02,Asmt,Asmt,,Code,26100,982,982,982-982,1,,"06,07,09","01,03,04,05,08,XX",,,,,x,x,,x,
263,OASIS,26200,M2310_ECR_RSPRTRY_INFCTN,EC_RSPRTY_CD,Emergent care reason: respiratory infection,02,Asmt,Asmt,,Code,26200,983,983,983-983,1,,"06,07,09","01,03,04,05,08,XX",,,,,x,x,,x,
264,OASIS,26300,M2310_ECR_RSPRTRY_OTHR,EC_OTHR_RSPRTRY_CD,Emergent care reason: respiratory other,02,Asmt,Asmt,,Code,26300,984,984,984-984,1,,"06,07,09","01,03,04,05,08,XX",,,,,x,x,,x,
265,OASIS,26400,M2310_ECR_HRT_FAILR,EC_HRT_FAILR_CD,Emergent care reason: heart failure,02,Asmt,Asmt,,Code,26400,985,985,985-985,1,,"06,07,09","01,03,04,05,08,XX",,,,,x,x,,x,
266,OASIS,26500,M2310_ECR_CRDC_DSRTHM,EC_CRDC_DSRTHM_CD,Emergent care reason: cardiac dysrhythmia,02,Asmt,Asmt,,Code,26500,986,986,986-986,1,,"06,07,09","01,03,04,05,08,XX",,,,,x,x,,x,
267,OASIS,26600,M2310_ECR_MI_CHST_PAIN,EC_CHST_PAIN_CD,Emergent care reason: myocard infarct/chest pain,02,Asmt,Asmt,,Code,26600,987,987,987-987,1,,"06,07,09","01,03,04,05,08,XX",,,,,x,x,,x,
268,OASIS,26700,M2310_ECR_OTHR_HRT_DEASE,EC_OTHR_HRT_CD,Emergent care reason: other heart disease,02,Asmt,Asmt,,Code,26700,988,988,988-988,1,,"06,07,09","01,03,04,05,08,XX",,,,,x,x,,x,
269,OASIS,26800,M2310_ECR_STROKE_TIA,EC_STROK_CD,Emergent care reason: stroke (CVA) or TIA,02,Asmt,Asmt,,Code,26800,989,989,989-989,1,,"06,07,09","01,03,04,05,08,XX",,,,,x,x,,x,
270,OASIS,26900,M2310_ECR_HYPOGLYC,EC_DBTS_CD,Emergent care reason: hypoglycemia/hyperglycemia,02,Asmt,Asmt,,Code,26900,990,990,990-990,1,,"06,07,09","01,03,04,05,08,XX",,,,,x,x,,x,
271,OASIS,27000,M2310_ECR_GI_PRBLM,EC_GI_CD,Emergent care: GI bleed/obstruct/constip/impact,02,Asmt,Asmt,,Code,27000,991,991,991-991,1,,"06,07,09","01,03,04,05,08,XX",,,,,x,x,,x,
272,OASIS,27100,M2310_ECR_DHYDRTN_MALNTR,EC_DEHYDTN_CD,"Emergent care reason: dehydration, malnutrition",02,Asmt,Asmt,,Code,27100,992,992,992-992,1,,"06,07,09","01,03,04,05,08,XX",,,,,x,x,,x,
273,OASIS,27200,M2310_ECR_UTI,EC_UTI_CD,Emergent care reason: urinary tract infection,02,Asmt,Asmt,,Code,27200,993,993,993-993,1,,"06,07,09","01,03,04,05,08,XX",,,,,x,x,,x,
274,OASIS,27300,M2310_ECR_CTHTR_CMPLCTN,EC_IV_CTHTR_CD,Emergent care reason: IV catheter infect/complic,02,Asmt,Asmt,,Code,27300,994,994,994-994,1,,"06,07,09","01,03,04,05,08,XX",,,,,x,x,,x,
275,OASIS,27400,M2310_ECR_WND_INFCTN_DTRORTN,EC_WND_INFCTN_CD,Emergent care reason: wound infect/deterioration,02,Asmt,Asmt,,Code,27400,995,995,995-995,1,,"06,07,09","01,03,04,05,08,XX",,,,,x,x,,x,
276,OASIS,27500,M2310_ECR_UNCNTLD_PAIN,EC_PAIN_CD,Emergent care reason: uncontrolled pain,02,Asmt,Asmt,,Code,27500,996,996,996-996,1,,"06,07,09","01,03,04,05,08,XX",,,,,x,x,,x,
277,OASIS,27600,M2310_ECR_MENTL_BHVRL_PRBLM,EC_MNTL_BHVR_CD,Emergent care reason: acute mental/behav problem,02,Asmt,Asmt,,Code,27600,997,997,997-997,1,,"06,07,09","01,03,04,05,08,XX",,,,,x,x,,x,
278,OASIS,27700,M2310_ECR_DVT_PULMNRY,EC_PLMNRY_EMB_CD,Emergent care reason: deep vein thromb/pulm embol,02,Asmt,Asmt,,Code,27700,998,998,998-998,1,,"06,07,09","01,03,04,05,08,XX",,,,,x,x,,x,
279,OASIS,27800,M2310_ECR_OTHER,EC_OTHR_CD,Emergent care reason: other than above,02,Asmt,Asmt,,Code,27800,999,999,999-999,1,,"06,07,09","01,03,04,05,08,XX",,,,,x,x,,x,
280,OASIS,27900,M2310_ECR_UNKNOWN,EC_UNK_CD,Emergent care reason: unknown,02,Asmt,Asmt,,Code,27900,1000,1000,1000-1000,1,,"06,07,09","01,03,04,05,08,XX",,,,,x,x,,x,
281,OASIS,28000,M2400_INTRVTN_SMRY_DBTS_FT,SYNPS_DBTC_FOOT_CD,Intervention synopsis: diabetic foot care,02,Asmt,Asmt,,Code,28000,1001,1002,1001-1002,2,,"06,07,09","01,03,04,05,08,XX",,,,,x,x,,x,
282,OASIS,28100,M2400_INTRVTN_SMRY_FALL_PRVNT,SYNPS_FALL_PRVTN_CD,Intervention synopsis: falls prevention,02,Asmt,Asmt,,Code,28100,1003,1004,1003-1004,2,,"06,07,09","01,03,04,05,08,XX",,,,,x,x,,x,
283,OASIS,28200,M2400_INTRVTN_SMRY_DPRSN,SYNPS_DPRSN_PRVTN_CD,Intervention synopsis: depression intervention,02,Asmt,Asmt,,Code,28200,1005,1006,1005-1006,2,,"06,07,09","01,03,04,05,08,XX",,,,,x,x,,x,
284,OASIS,28300,M2400_INTRVTN_SMRY_PAIN_MNTR,SYNPS_PAIN_INTRVTN_CD,Intervention synopsis: monitor and mitigate pain,02,Asmt,Asmt,,Code,28300,1007,1008,1007-1008,2,,"06,07,09","01,03,04,05,08,XX",,,,,x,x,,x,
285,OASIS,28400,M2400_INTRVTN_SMRY_PRSULC_PRVN,SYNPS_PRVNT_PRSR_ULCR_CD,Intervention synopsis: prevent pressure ulcers,02,Asmt,Asmt,,Code,28400,1009,1010,1009-1010,2,,"06,07,09","01,03,04,05,08,XX",,,,,x,x,,x,
286,OASIS,28500,M2400_INTRVTN_SMRY_PRSULC_WET,SYNPS_PRSR_ULCR_TRMNT_CD,Intervention synopsis: PU moist wound treatment,02,Asmt,Asmt,,Code,28500,1011,1012,1011-1012,2,,"06,07,09","01,03,04,05,08,XX",,,,,x,x,,x,
287,OASIS,28600,M2410_INPAT_FACILITY,ADMT_IP_FAC_CD,Inpatient facility,02,Asmt,Asmt,,Code,28600,1013,1014,1013-1014,2,,"06,07,09","01,03,04,05,08,XX",,,,,x,x,,x,
288,OASIS,28700,M2420_DSCHRG_DISP,DSCHRG_LCTN_CD,Discharge disposition,02,Asmt,Asmt,,Code,28700,1015,1016,1015-1016,2,,09,"01,03,04,05,06,07,08,XX",,,,,,,,x,
289,OASIS,28800,M2430_HOSP_MED,HOSP_MDCTN_CD,Hospitalized: medication,02,Asmt,Asmt,,Code,28800,1017,1017,1017-1017,1,,"06,07","01,03,04,05,08,09,XX",,,,,x,x,,,
290,OASIS,28900,M2430_HOSP_INJRY_BY_FALL,HOSP_FALL_CD,Hospitalized: injury caused by fall,02,Asmt,Asmt,,Code,28900,1018,1018,1018-1018,1,,"06,07","01,03,04,05,08,09,XX",,,,,x,x,,,
291,OASIS,29000,M2430_HOSP_RSPRTRY_INFCTN,HOSP_RSPRTY_CD,Hospitalized: respiratory infection,02,Asmt,Asmt,,Code,29000,1019,1019,1019-1019,1,,"06,07","01,03,04,05,08,09,XX",,,,,x,x,,,
292,OASIS,29100,M2430_HOSP_RSPRTRY_OTHR,HOSP_OTHR_RSPRTRY_CD,Hospitalized: other respiratory,02,Asmt,Asmt,,Code,29100,1020,1020,1020-1020,1,,"06,07","01,03,04,05,08,09,XX",,,,,x,x,,,
293,OASIS,29200,M2430_HOSP_HRT_FAILR,HOSP_HRT_FAILR_CD,Hospitalized: heart failure,02,Asmt,Asmt,,Code,29200,1021,1021,1021-1021,1,,"06,07","01,03,04,05,08,09,XX",,,,,x,x,,,
294,OASIS,29300,M2430_HOSP_CRDC_DSRTHM,HOSP_CRDC_DSTHM_CD,Hospitalized: cardiac dysrhythmia,02,Asmt,Asmt,,Code,29300,1022,1022,1022-1022,1,,"06,07","01,03,04,05,08,09,XX",,,,,x,x,,,
295,OASIS,29400,M2430_HOSP_MI_CHST_PAIN,HOSP_CHST_PAIN_CD,Hospitalized: myocardial infarction or chest pain,02,Asmt,Asmt,,Code,29400,1023,1023,1023-1023,1,,"06,07","01,03,04,05,08,09,XX",,,,,x,x,,,
296,OASIS,29500,M2430_HOSP_OTHR_HRT_DEASE,HOSP_OTHR_HRT_CD,Hospitalized: other heart disease,02,Asmt,Asmt,,Code,29500,1024,1024,1024-1024,1,,"06,07","01,03,04,05,08,09,XX",,,,,x,x,,,
297,OASIS,29600,M2430_HOSP_STROKE_TIA,HOSP_STROK_CD,Hospitalized: stroke (CVA) or TIA,02,Asmt,Asmt,,Code,29600,1025,1025,1025-1025,1,,"06,07","01,03,04,05,08,09,XX",,,,,x,x,,,
298,OASIS,29700,M2430_HOSP_HYPOGLYC,HOSP_DBTS_CD,Hospitalized: hypoglycemia/hyperglycemia,02,Asmt,Asmt,,Code,29700,1026,1026,1026-1026,1,,"06,07","01,03,04,05,08,09,XX",,,,,x,x,,,
299,OASIS,29800,M2430_HOSP_GI_PRBLM,HOSP_GI_CD,Hospitalized: GI bleed/obstruct/constip/impact,02,Asmt,Asmt,,Code,29800,1027,1027,1027-1027,1,,"06,07","01,03,04,05,08,09,XX",,,,,x,x,,,
300,OASIS,29900,M2430_HOSP_DHYDRTN_MALNTR,HOSP_DEHYDTN_CD,"Hospitalized: dehydration, malnutrition",02,Asmt,Asmt,,Code,29900,1028,1028,1028-1028,1,,"06,07","01,03,04,05,08,09,XX",,,,,x,x,,,
301,OASIS,30000,M2430_HOSP_UR_TRACT,HOSP_UTI_CD,Hospitalized: urinary tract infection,02,Asmt,Asmt,,Code,30000,1029,1029,1029-1029,1,,"06,07","01,03,04,05,08,09,XX",,,,,x,x,,,
302,OASIS,30100,M2430_HOSP_CTHTR_CMPLCTN,HOSP_IV_CTHTR_CD,Hospitalized: IV catheter infect/complic,02,Asmt,Asmt,,Code,30100,1030,1030,1030-1030,1,,"06,07","01,03,04,05,08,09,XX",,,,,x,x,,,
303,OASIS,30200,M2430_HOSP_WND_INFCTN,HOSP_WND_INFCTN_CD,Hospitalized: wound infect/deterioration,02,Asmt,Asmt,,Code,30200,1031,1031,1031-1031,1,,"06,07","01,03,04,05,08,09,XX",,,,,x,x,,,
304,OASIS,30300,M2430_HOSP_PAIN,HOSP_PAIN_CD,Hospitalized: uncontrolled pain,02,Asmt,Asmt,,Code,30300,1032,1032,1032-1032,1,,"06,07","01,03,04,05,08,09,XX",,,,,x,x,,,
305,OASIS,30400,M2430_HOSP_MENTL_BHVRL_PRBLM,HOSP_MNTL_BHVR_CD,Hospitalized: acute mental/behav problem,02,Asmt,Asmt,,Code,30400,1033,1033,1033-1033,1,,"06,07","01,03,04,05,08,09,XX",,,,,x,x,,,
306,OASIS,30500,M2430_HOSP_DVT_PULMNRY,HOSP_PLMNRY_EMB_CD,Hospitalized: deep vein thromb/pulm embol,02,Asmt,Asmt,,Code,30500,1034,1034,1034-1034,1,,"06,07","01,03,04,05,08,09,XX",,,,,x,x,,,
307,OASIS,30600,M2430_HOSP_SCHLD_TRTMT,HOSP_SCHLD_TRTMT_CD,Hospitalized: scheduled treatment or procedure,02,Asmt,Asmt,,Code,30600,1035,1035,1035-1035,1,,"06,07","01,03,04,05,08,09,XX",,,,,x,x,,,
308,OASIS,30700,M2430_HOSP_OTHER,HOSP_OTHR_CD,Hospitalized: other,02,Asmt,Asmt,,Code,30700,1036,1036,1036-1036,1,,"06,07","01,03,04,05,08,09,XX",,,,,x,x,,,
309,OASIS,30800,M2430_HOSP_UK,HOSP_UNK_CD,Hospitalized: UK,02,Asmt,Asmt,,Code,30800,1037,1037,1037-1037,1,,"06,07","01,03,04,05,08,09,XX",,,,,x,x,,,
310,OASIS,110700,ITEM_FILLER_071,,Filler: replaces M2440_NH_THERAPY,03,Filler,Filler,,Filler,30900,1038,1038,1038-1038,1,,,"01,03,04,05,06,07,08,09,XX",,,,,,,,,
311,OASIS,110710,ITEM_FILLER_072,,Filler: replaces M2440_NH_RESPITE,03,Filler,Filler,,Filler,31000,1039,1039,1039-1039,1,,,"01,03,04,05,06,07,08,09,XX",,,,,,,,,
312,OASIS,110720,ITEM_FILLER_073,,Filler: replaces M2440_NH_HOSPICE,03,Filler,Filler,,Filler,31100,1040,1040,1040-1040,1,,,"01,03,04,05,06,07,08,09,XX",,,,,,,,,
313,OASIS,110730,ITEM_FILLER_074,,Filler: replaces M2440_NH_PERMANENT,03,Filler,Filler,,Filler,31200,1041,1041,1041-1041,1,,,"01,03,04,05,06,07,08,09,XX",,,,,,,,,
314,OASIS,110740,ITEM_FILLER_075,,Filler: replaces M2440_NH_UNSAFE_HOME,03,Filler,Filler,,Filler,31300,1042,1042,1042-1042,1,,,"01,03,04,05,06,07,08,09,XX",,,,,,,,,
315,OASIS,110750,ITEM_FILLER_076,,Filler: replaces M2440_NH_OTHER,03,Filler,Filler,,Filler,31400,1043,1043,1043-1043,1,,,"01,03,04,05,06,07,08,09,XX",,,,,,,,,
316,OASIS,110760,ITEM_FILLER_077,,Filler: replaces M2440_NH_UNKNOWN,03,Filler,Filler,,Filler,31500,1044,1044,1044-1044,1,,,"01,03,04,05,06,07,08,09,XX",,,,,,,,,
317,OASIS,31600,M0903_LAST_HOME_VISIT,LAST_HOME_VISIT_DT,Date of last home visit,02,Asmt,Asmt,,Date,31600,1045,1052,1045-1052,8,,"06,07,08,09","01,03,04,05,XX",,,,,x,x,x,x,
318,OASIS,31700,M0906_DC_TRAN_DTH_DT,DSCHRG_DEATH_DT,"Discharge, transfer, death date",02,Asmt,Asmt,,Date,31700,1053,1060,1053-1060,8,,"06,07,08,09,XX","01,03,04,05",,,,,x,x,x,x,x
319,OASIS,120000,ASMT_ITEMS_FILLER,,Assessment items filler,03,Filler,Filler,,Filler,110000,1553,2260,1553-2260,708,,,"01,03,04,05,06,07,08,09,XX",,,,,,,,,
320,OASIS,131950,HHA_ASMT_INT_ID,HHA_ASMT_ID,Assessment internal ID,04,Calc,Calc,,Number,131950,3111,3125,3111-3125,15,,,"01,03,04,05,06,07,08,09,XX",,,,,,,,,
321,OASIS,132000,ORIG_ASMT_INT_ID,ORIG_ASMT_INT_ID,Original assessment ID,04,Calc,Calc,,Number,132000,3126,3140,3126-3140,15,,,"01,03,04,05,06,07,08,09,XX",,,,,,,,,
322,OASIS,132100,RES_INT_ID,RSDNT_INTRNL_ID,Resident internal ID,04,Calc,Calc,,Number,132100,3141,3150,3141-3150,10,,,"01,03,04,05,06,07,08,09,XX",,,,,,,,,
323,OASIS,132200,ASMT_EFF_DATE,EFCTV_DT,Effective date,04,Calc,Calc,,Date,132200,3151,3158,3151-3158,8,,,"01,03,04,05,06,07,08,09,XX",,,,,,,,,
324,OASIS,132300,FAC_INT_ID,FAC_INTRNL_ID,Facility internal ID,04,Calc,Calc,,Number,132300,3169,3178,3169-3178,10,,,"01,03,04,05,06,07,08,09,XX",,,,,,,,,
325,OASIS,132400,SUBMISSION_ID,HHA_SUBMSN_ID,Submission ID,04,Calc,Calc,,Number,132400,3179,3193,3179-3193,15,,,"01,03,04,05,06,07,08,09,XX",,,,,,,,,
326,OASIS,132500,SUBMISSION_DATE,SUBMSN_DT,Submission date,04,Calc,Calc,,Date,132500,3194,3201,3194-3201,8,,,"01,03,04,05,06,07,08,09,XX",,,,,,,,,
327,OASIS,132600,SUBMISSION_COMPLETE_DATE,SUBMSN_CMPLT_TS,Submission processing completion date,04,Calc,Calc,,Date,132600,3202,3209,3202-3209,8,,,"01,03,04,05,06,07,08,09,XX",,,,,,,,,
328,OASIS,132700,SUBMITTING_USER_ID,SBMTR_USER_ID,Submitter user ID,04,Calc,Calc,,Text,132700,3210,3239,3210-3239,30,,,"01,03,04,05,06,07,08,09,XX",,,,,,,,,
329,OASIS,132800,RES_MATCH_CRITERIA,RSDNT_MATCH_CRTIA_ID,Resident matching criteria,04,Calc,Calc,,Number,132800,3240,3241,3240-3241,2,,,"01,03,04,05,06,07,08,09,XX",,,,,,,,,
330,OASIS,132900,RESIDENT_AGE,C_RSDNT_AGE_NUM,Age of resident on the effective date,04,Calc,Calc,,Number,132900,3242,3244,3242-3244,3,,,"01,03,04,05,06,07,08,09,XX",,,,,,,,,
331,OASIS,133000,BIRTHDATE_SUBM_IND,C_BIRTH_DT_SBMT_CD,Birth date submit code,04,Calc,Calc,,Code,133000,3245,3245,3245-3245,1,,,"01,03,04,05,06,07,08,09,XX",,,,,,,,,
334,OASIS,800,SUBM_HIPPS_CODE,SUBM_HIPPS_CD,HIPPS group code: submitted,01,Control,Control,,Text,800,244,248,244-248,5,,"01,03,04,05","06,07,08,09,XX",x,x,x,x,,,,,
335,OASIS,850,SUBM_HIPPS_VERSION,SUBM_HIPPS_VRSN_CD,HIPPS version code: submitted,01,Control,Control,,Text,850,249,253,249-253,5,,"01,03,04,05","06,07,08,09,XX",x,x,x,x,,,,,
336,OASIS,133300,CALC_HIPPS_CODE,C_HIPPS_CD,HIPPS group code: recalculated,04,Calc,Calc,,Text,133300,3246,3250,3246-3250,5,,,"01,03,04,05,06,07,08,09,XX",,,,,,,,,
337,OASIS,133400,CALC_HIPPS_VERSION,C_HIPPS_VRSN_CD,HIPPS version code: recalculated,04,Calc,Calc,,Text,133400,3251,3255,3251-3255,5,,,"01,03,04,05,06,07,08,09,XX",,,,,,,,,
338,OASIS,131000,CALCULATED_ITEMS_FILLER,,Calculated items filler,03,Filler,Filler,,Filler,131910,2623,3110,2623-3110,488,,,"01,03,04,05,06,07,08,09,XX",,,,,,,,,
339,OASIS,133800,DATA_END_INDICATOR,DATA_END_INDICATOR,End of data terminator code,04,Calc,Calc,,Code,133800,3256,3256,3256-3256,1,,,"01,03,04,05,06,07,08,09,XX",,,,,,,,,
340,OASIS,133900,CR,CR,Carriage return (ASCII 013),04,Calc,Calc,,Code,133900,3257,3257,3257-3257,1,,,"01,03,04,05,06,07,08,09,XX",,,,,,,,,
341,OASIS,134000,LF,LF,Line feed character (ASCII 010),04,Calc,Calc,,Code,134000,3258,3258,3258-3258,1,,,"01,03,04,05,06,07,08,09,XX",,,,,,,,,
441,OASIS,100,TRANS_TYPE_CD,TRANS_TYPE_CD,Transaction type code,01,Control,Control,,Code,100,11,11,11-11,1,,"01,03,04,05,06,07,08,09,XX",,x,x,x,x,x,x,x,x,x
442,OASIS,130100,CALC_FILLER_001,,Filler: replaces BRANCH_IDENTIFIER,04,Calc,Filler,,Filler,132250,3159,3168,3159-3168,10,,,"01,03,04,05,06,07,08,09,XX",,,,,,,,,
443,OASIS,130000,LEGACY_ITEMS_FILLER,,Discontinued OASIS-B1 and C items.,03,Filler,Filler,,Filler,130000,2261,2610,2261-2610,350,,,"01,03,04,05,06,07,08,09,XX",,,,,,,,,
481,OASIS,13110,M1033_HOSP_RISK_HSTRY_FALLS,HOSP_RISK_FALL_HSTRY_CD,Hosp risk: 2+ falls or injury fall in past year,02,Asmt,Asmt,,Code,100380,1515,1515,1515-1515,1,,"01,03","04,05,06,07,08,09,XX",x,x,,,,,,,
482,OASIS,13210,M1033_HOSP_RISK_WEIGHT_LOSS,HOSP_RISK_WT_LOSS_CD,Hosp risk: unintentional weight loss,02,Asmt,Asmt,,Code,100390,1516,1516,1516-1516,1,,"01,03","04,05,06,07,08,09,XX",x,x,,,,,,,
483,OASIS,13310,M1033_HOSP_RISK_MLTPL_HOSPZTN,HOSP_RISK_MLT_HOSP_CD,Hosp risk: 2+ hospitalizations in past 12 months,02,Asmt,Asmt,,Code,100400,1517,1517,1517-1517,1,,"01,03","04,05,06,07,08,09,XX",x,x,,,,,,,
484,OASIS,13410,M1033_HOSP_RISK_MLTPL_ED_VISIT,HOSP_RISK_MLT_ERVISIT_CD,Hosp risk: 2+ emergcy dept visits in past 6 months,02,Asmt,Asmt,,Code,100410,1518,1518,1518-1518,1,,"01,03","04,05,06,07,08,09,XX",x,x,,,,,,,
485,OASIS,13510,M1033_HOSP_RISK_MNTL_BHV_DCLN,HOSP_RISK_MENTL_BHVR_CD,Hosp risk: decline mental/emotional/behav status,02,Asmt,Asmt,,Code,100420,1519,1519,1519-1519,1,,"01,03","04,05,06,07,08,09,XX",x,x,,,,,,,
486,OASIS,13610,M1033_HOSP_RISK_COMPLIANCE,HOSP_RISK_CMPLNC_CD,Hosp risk: difficulty with medical instructions,02,Asmt,Asmt,,Code,100430,1520,1520,1520-1520,1,,"01,03","04,05,06,07,08,09,XX",x,x,,,,,,,
487,OASIS,13710,M1033_HOSP_RISK_5PLUS_MDCTN,HOSP_RISK_SIX_MDCTN_CD,Hosp risk: taking five or more medications,02,Asmt,Asmt,,Code,100440,1521,1521,1521-1521,1,,"01,03","04,05,06,07,08,09,XX",x,x,,,,,,,
488,OASIS,13720,M1033_HOSP_RISK_CRNT_EXHSTN,HOSP_RISK_EXHSTN_CD,Hosp risk: current exhaustion,02,Asmt,Asmt,,Code,100450,1522,1522,1522-1522,1,,"01,03","04,05,06,07,08,09,XX",x,x,,,,,,,
489,OASIS,13730,M1033_HOSP_RISK_OTHR_RISK,HOSP_RISK_OTHER_CD,Hosp risk: other risk(s) not listed,02,Asmt,Asmt,,Code,100460,1523,1523,1523-1523,1,,"01,03","04,05,06,07,08,09,XX",x,x,,,,,,,
490,OASIS,13740,M1033_HOSP_RISK_NONE_ABOVE,HOSP_RISK_NONE_ABV_CD,Hosp risk: none of the above,02,Asmt,Asmt,,Code,100470,1524,1524,1524-1524,1,,"01,03","04,05,06,07,08,09,XX",x,x,,,,,,,
491,OASIS,14510,M1041_IN_INFLNZ_SEASON,INFLNZ_SEASN_CD,Does episode include Oct 1 thru Mar 31,02,Asmt,Asmt,,Code,100480,1525,1525,1525-1525,1,,"06,07,09","01,03,04,05,08,XX",,,,,x,x,,x,
492,OASIS,14610,M1046_INFLNZ_RECD_CRNT_SEASON,INFLNZ_VCCN_RCVD_CD,Did patient receive influenza vaccine,02,Asmt,Asmt,,Code,100490,1526,1527,1526-1527,2,,"06,07,09","01,03,04,05,08,XX",,,,,x,x,,x,
493,OASIS,14710,M1051_PVX_RCVD_AGNCY,PVX_RCVD_EVER_CD,Was pneumococcal vaccine received,02,Asmt,Asmt,,Code,100500,1528,1528,1528-1528,1,,"06,07,09","01,03,04,05,08,XX",,,,,x,x,,x,
494,OASIS,14810,M1056_PVX_RSN_NOT_RCVD_AGNCY,RSN_PVX_NEVER_RCVD_CD,"If pneumococcal vacc not received, state reason",02,Asmt,Asmt,,Code,100510,1529,1530,1529-1530,2,,"06,07,09","01,03,04,05,08,XX",,,,,x,x,,x,
495,OASIS,17210,M1309_NBR_NEW_WRS_PRSULC_STG2,WRSNG_STG_2_ULCR_NUM,Number of new or worsening stage 2,02,Asmt,Asmt,,Number,100520,1531,1532,1531-1532,2,,09,"01,03,04,05,06,07,08,XX",,,,,,,,x,
496,OASIS,17220,M1309_NBR_NEW_WRS_PRSULC_STG3,WRSNG_STG_3_ULCR_NUM,Number of new or worsening stage 3,02,Asmt,Asmt,,Number,100530,1533,1534,1533-1534,2,,09,"01,03,04,05,06,07,08,XX",,,,,,,,x,
497,OASIS,17230,M1309_NBR_NEW_WRS_PRSULC_STG4,WRSNG_STG_4_ULCR_NUM,Number of new or worsening stage 4,02,Asmt,Asmt,,Number,100540,1535,1536,1535-1536,2,,09,"01,03,04,05,06,07,08,XX",,,,,,,,x,
498,OASIS,24210,M2102_CARE_TYPE_SRC_ADL,CARE_ASTNC_ADL_CD,"Care mgmt, types/sources: ADL",02,Asmt,Asmt,,Code,100550,1537,1538,1537-1538,2,,"01,03,09","04,05,06,07,08,XX",x,x,,,,,,x,
499,OASIS,24810,M2102_CARE_TYPE_SRC_ADVCY,CARE_ASTNC_ADVCY_CD,"Care mgmt, types/sources: advocacy or facilitation",02,Asmt,Asmt,,Code,100610,1549,1550,1549-1550,2,,"01,03,09","04,05,06,07,08,XX",x,x,,,,,,x,
500,OASIS,24610,M2102_CARE_TYPE_SRC_EQUIP,CARE_ASTNC_EQUIP_CD,"Care mgmt, types/sources: equipment",02,Asmt,Asmt,,Code,100590,1545,1546,1545-1546,2,,"01,03,09","04,05,06,07,08,XX",x,x,,,,,,x,
501,OASIS,24310,M2102_CARE_TYPE_SRC_IADL,CARE_ASTNC_IADL_CD,"Care mgmt, types/sources: IADL",02,Asmt,Asmt,,Code,100560,1539,1540,1539-1540,2,,"01,03,09","04,05,06,07,08,XX",x,x,,,,,,x,
502,OASIS,24410,M2102_CARE_TYPE_SRC_MDCTN,CARE_ASTNC_MDCTN_CD,"Care mgmt, types/sources: med admin",02,Asmt,Asmt,,Code,100570,1541,1542,1541-1542,2,,"01,03,09","04,05,06,07,08,XX",x,x,,,,,,x,
503,OASIS,24510,M2102_CARE_TYPE_SRC_PRCDR,CARE_ASTNC_PRCDR_CD,"Care mgmt, types/sources: med procs tx",02,Asmt,Asmt,,Code,100580,1543,1544,1543-1544,2,,"01,03,09","04,05,06,07,08,XX",x,x,,,,,,x,
504,OASIS,24710,M2102_CARE_TYPE_SRC_SPRVSN,CARE_ASTNC_SFTY_CD,"Care mgmt, types/sources: supervision and safety",02,Asmt,Asmt,,Code,100600,1547,1548,1547-1548,2,,"01,03,09","04,05,06,07,08,XX",x,x,,,,,,x,
508,OASIS,133410,C_CCN_NUM,C_CCN_NUM,Calculated Facility CMS Certification Number (CCN),04,Calc,Calc,,Text,131100,2611,2622,2611-2622,12,,,"01,03,04,05,06,07,08,09,XX",,,,,,,,,
509,OASIS,17240,M1309_NBR_NEW_WRS_PRSULC_NSTG,WRSNG_NSTG_ULCR_NUM,Number of new or worsening unstageable,02,Asmt,Asmt,,Number,100620,1551,1552,1551-1552,2,,09,"01,03,04,05,06,07,08,XX",,,,,,,,x,
510,OASIS,7410,M1011_14_DAY_INP1_ICD,IP_DGNS10_1_CD,Inpatient stay within last 14 days: ICD code 1,02,Asmt,Asmt,,ICD,100010,1261,1268,1261-1268,8,[V2.12.0]-New item.,"01,03,04,05","06,07,08,09,XX",x,x,x,x,,,,,
511,OASIS,7510,M1011_14_DAY_INP2_ICD,IP_DGNS10_2_CD,Inpatient stay within last 14 days: ICD code 2,02,Asmt,Asmt,,ICD,100020,1269,1276,1269-1276,8,[V2.12.0]-New item.,"01,03,04,05","06,07,08,09,XX",x,x,x,x,,,,,
512,OASIS,7610,M1011_14_DAY_INP3_ICD,IP_DGNS10_3_CD,Inpatient stay within last 14 days: ICD code 3,02,Asmt,Asmt,,ICD,100030,1277,1284,1277-1284,8,[V2.12.0]-New item.,"01,03,04,05","06,07,08,09,XX",x,x,x,x,,,,,
513,OASIS,7710,M1011_14_DAY_INP4_ICD,IP_DGNS10_4_CD,Inpatient stay within last 14 days: ICD code 4,02,Asmt,Asmt,,ICD,100040,1285,1292,1285-1292,8,[V2.12.0]-New item.,"01,03,04,05","06,07,08,09,XX",x,x,x,x,,,,,
514,OASIS,7810,M1011_14_DAY_INP5_ICD,IP_DGNS10_5_CD,Inpatient stay within last 14 days: ICD code 5,02,Asmt,Asmt,,ICD,100050,1293,1300,1293-1300,8,[V2.12.0]-New item.,"01,03,04,05","06,07,08,09,XX",x,x,x,x,,,,,
515,OASIS,7910,M1011_14_DAY_INP6_ICD,IP_DGNS10_6_CD,Inpatient stay within last 14 days: ICD code 6,02,Asmt,Asmt,,ICD,100060,1301,1308,1301-1308,8,[V2.12.0]-New item.,"01,03,04,05","06,07,08,09,XX",x,x,x,x,,,,,
516,OASIS,7912,M1011_14_DAY_INP_NA,IP_DGNS10_NA_CD,Inpatient stay within last 14 days: not applicable,02,Asmt,Asmt,,Code,100062,1309,1309,1309-1309,1,[V2.12.0]-New item.,"04,05","01,03,06,07,08,09,XX",,,x,x,,,,,
517,OASIS,8710,M1017_CHGREG_ICD1,MDCL_DGNS10_1_CD,Regimen change in past 14 days: ICD code 1,02,Asmt,Asmt,,ICD,100070,1310,1317,1310-1317,8,[V2.12.0]-New item.,"01,03","04,05,06,07,08,09,XX",x,x,,,,,,,
518,OASIS,8810,M1017_CHGREG_ICD2,MDCL_DGNS10_2_CD,Regimen change in past 14 days: ICD code 2,02,Asmt,Asmt,,ICD,100080,1318,1325,1318-1325,8,[V2.12.0]-New item.,"01,03","04,05,06,07,08,09,XX",x,x,,,,,,,
519,OASIS,8910,M1017_CHGREG_ICD3,MDCL_DGNS10_3_CD,Regimen change in past 14 days: ICD code 3,02,Asmt,Asmt,,ICD,100090,1326,1333,1326-1333,8,[V2.12.0]-New item.,"01,03","04,05,06,07,08,09,XX",x,x,,,,,,,
520,OASIS,9010,M1017_CHGREG_ICD4,MDCL_DGNS10_4_CD,Regimen change in past 14 days: ICD code 4,02,Asmt,Asmt,,ICD,100100,1334,1341,1334-1341,8,[V2.12.0]-New item.,"01,03","04,05,06,07,08,09,XX",x,x,,,,,,,
521,OASIS,9110,M1017_CHGREG_ICD5,MDCL_DGNS10_5_CD,Regimen change in past 14 days: ICD code 5,02,Asmt,Asmt,,ICD,100110,1342,1349,1342-1349,8,[V2.12.0]-New item.,"01,03","04,05,06,07,08,09,XX",x,x,,,,,,,
522,OASIS,9210,M1017_CHGREG_ICD6,MDCL_DGNS10_6_CD,Regimen change in past 14 days: ICD code 6,02,Asmt,Asmt,,ICD,100120,1350,1357,1350-1357,8,[V2.12.0]-New item.,"01,03","04,05,06,07,08,09,XX",x,x,,,,,,,
523,OASIS,9310,M1017_CHGREG_ICD_NA,MDCL_DGNS10_NA_CD,Regimen change in past 14 days: not applicable,02,Asmt,Asmt,,Code,100130,1358,1358,1358-1358,1,[V2.12.0]-New item.,"01,03","04,05,06,07,08,09,XX",x,x,,,,,,,
524,OASIS,10310,M1021_PRIMARY_DIAG_ICD,PRMRY_DGNS10_CD,Primary diagnosis ICD code,02,Asmt,Asmt,,ICD,100140,1359,1366,1359-1366,8,[V2.12.0]-New item.,"01,03,04,05","06,07,08,09,XX",x,x,x,x,,,,,
525,OASIS,10410,M1021_PRIMARY_DIAG_SEVERITY,PRMRY_SVRTY10_RATG_CD,Primary diagnosis severity rating,02,Asmt,Asmt,,Code,100150,1367,1368,1367-1368,2,[V2.12.0]-New item.,"01,03,04,05","06,07,08,09,XX",x,x,x,x,,,,,
526,OASIS,10510,M1023_OTH_DIAG1_ICD,OTHR_DGNS10_1_CD,Other diagnosis 1: ICD code,02,Asmt,Asmt,,ICD,100160,1369,1376,1369-1376,8,[V2.12.0]-New item.,"01,03,04,05","06,07,08,09,XX",x,x,x,x,,,,,
527,OASIS,10610,M1023_OTH_DIAG1_SEVERITY,OTHR_1_SVRTY10_RATG_CD,Other diagnosis 1: severity rating,02,Asmt,Asmt,,Code,100170,1377,1378,1377-1378,2,[V2.12.0]-New item.,"01,03,04,05","06,07,08,09,XX",x,x,x,x,,,,,
528,OASIS,10710,M1023_OTH_DIAG2_ICD,OTHR_DGNS10_2_CD,Other diagnosis 2: ICD code,02,Asmt,Asmt,,ICD,100180,1379,1386,1379-1386,8,[V2.12.0]-New item.,"01,03,04,05","06,07,08,09,XX",x,x,x,x,,,,,
529,OASIS,10810,M1023_OTH_DIAG2_SEVERITY,OTHR_2_SVRTY10_RATG_CD,Other diagnosis 2: severity rating,02,Asmt,Asmt,,Code,100190,1387,1388,1387-1388,2,[V2.12.0]-New item.,"01,03,04,05","06,07,08,09,XX",x,x,x,x,,,,,
530,OASIS,10910,M1023_OTH_DIAG3_ICD,OTHR_DGNS10_3_CD,Other diagnosis 3: ICD code,02,Asmt,Asmt,,ICD,100200,1389,1396,1389-1396,8,[V2.12.0]-New item.,"01,03,04,05","06,07,08,09,XX",x,x,x,x,,,,,
531,OASIS,11010,M1023_OTH_DIAG3_SEVERITY,OTHR_3_SVRTY10_RATG_CD,Other diagnosis 3: severity rating,02,Asmt,Asmt,,Code,100210,1397,1398,1397-1398,2,[V2.12.0]-New item.,"01,03,04,05","06,07,08,09,XX",x,x,x,x,,,,,
532,OASIS,11110,M1023_OTH_DIAG4_ICD,OTHR_DGNS10_4_CD,Other diagnosis 4: ICD code,02,Asmt,Asmt,,ICD,100220,1399,1406,1399-1406,8,[V2.12.0]-New item.,"01,03,04,05","06,07,08,09,XX",x,x,x,x,,,,,
533,OASIS,11210,M1023_OTH_DIAG4_SEVERITY,OTHR_4_SVRTY10_RATG_CD,Other diagnosis 4: severity rating,02,Asmt,Asmt,,Code,100230,1407,1408,1407-1408,2,[V2.12.0]-New item.,"01,03,04,05","06,07,08,09,XX",x,x,x,x,,,,,
534,OASIS,11310,M1023_OTH_DIAG5_ICD,OTHR_DGNS10_4_CD,Other diagnosis 5: ICD code,02,Asmt,Asmt,,ICD,100240,1409,1416,1409-1416,8,[V2.12.0]-New item.,"01,03,04,05","06,07,08,09,XX",x,x,x,x,,,,,
535,OASIS,11410,M1023_OTH_DIAG5_SEVERITY,OTHR_5_SVRTY10_RATG_CD,Other diagnosis 5: severity rating,02,Asmt,Asmt,,Code,100250,1417,1418,1417-1418,2,[V2.12.0]-New item.,"01,03,04,05","06,07,08,09,XX",x,x,x,x,,,,,
536,OASIS,11510,M1025_OPT_DIAG_ICD_A3,PMT_PRMRY_DGNS10_CD,"Optional diagnosis: primary, column 3",02,Asmt,Asmt,,ICD,100260,1419,1426,1419-1426,8,[V2.12.0]-New item.,"01,03,04,05","06,07,08,09,XX",x,x,x,x,,,,,
537,OASIS,11610,M1025_OPT_DIAG_ICD_A4,PMT_PRMRY_DGNS10_MULT_CD,"Optional diagnosis: primary, column 4",02,Asmt,Asmt,,ICD,100270,1427,1434,1427-1434,8,[V2.12.0]-New item.,"01,03,04,05","06,07,08,09,XX",x,x,x,x,,,,,
538,OASIS,11710,M1025_OPT_DIAG_ICD_B3,PMT_OTHR_DGNS10_1_CD,"Optional diagnosis: first secondary, column 3",02,Asmt,Asmt,,ICD,100280,1435,1442,1435-1442,8,[V2.12.0]-New item.,"01,03,04,05","06,07,08,09,XX",x,x,x,x,,,,,
539,OASIS,11810,M1025_OPT_DIAG_ICD_B4,PMT_OTHRDGNS10_1_MULT_CD,"Optional diagnosis: first secondary, column 4",02,Asmt,Asmt,,ICD,100290,1443,1450,1443-1450,8,[V2.12.0]-New item.,"01,03,04,05","06,07,08,09,XX",x,x,x,x,,,,,
540,OASIS,11910,M1025_OPT_DIAG_ICD_C3,PMT_OTHR_DGNS10_2_CD,"Optional diagnosis: second secondary, column 3",02,Asmt,Asmt,,ICD,100300,1451,1458,1451-1458,8,[V2.12.0]-New item.,"01,03,04,05","06,07,08,09,XX",x,x,x,x,,,,,
541,OASIS,12010,M1025_OPT_DIAG_ICD_C4,PMT_OTHRDGNS10_2_MULT_CD,"Optional diagnosis: second secondary, column 4",02,Asmt,Asmt,,ICD,100310,1459,1466,1459-1466,8,[V2.12.0]-New item.,"01,03,04,05","06,07,08,09,XX",x,x,x,x,,,,,
542,OASIS,12110,M1025_OPT_DIAG_ICD_D3,PMT_OTHR_DGNS10_3_CD,"Optional diagnosis: third secondary, column 3",02,Asmt,Asmt,,ICD,100320,1467,1474,1467-1474,8,[V2.12.0]-New item.,"01,03,04,05","06,07,08,09,XX",x,x,x,x,,,,,
543,OASIS,12210,M1025_OPT_DIAG_ICD_D4,PMT_OTHRDGNS10_3_MULT_CD,"Optional diagnosis: third secondary, column 4",02,Asmt,Asmt,,ICD,100330,1475,1482,1475-1482,8,[V2.12.0]-New item.,"01,03,04,05","06,07,08,09,XX",x,x,x,x,,,,,
544,OASIS,12310,M1025_OPT_DIAG_ICD_E3,PMT_OTHR_DGNS10_4_CD,"Optional diagnosis: fourth secondary, column 3",02,Asmt,Asmt,,ICD,100340,1483,1490,1483-1490,8,[V2.12.0]-New item.,"01,03,04,05","06,07,08,09,XX",x,x,x,x,,,,,
545,OASIS,12410,M1025_OPT_DIAG_ICD_E4,PMT_OTHRDGNS10_4_MULT_CD,"Optional diagnosis: fourth secondary, column 4",02,Asmt,Asmt,,ICD,100350,1491,1498,1491-1498,8,[V2.12.0]-New item.,"01,03,04,05","06,07,08,09,XX",x,x,x,x,,,,,
546,OASIS,12510,M1025_OPT_DIAG_ICD_F3,PMT_OTHR_DGNS10_5_CD,"Optional diagnosis: fifth secondary, column 3",02,Asmt,Asmt,,ICD,100360,1499,1506,1499-1506,8,[V2.12.0]-New item.,"01,03,04,05","06,07,08,09,XX",x,x,x,x,,,,,
547,OASIS,12610,M1025_OPT_DIAG_ICD_F4,PMT_OTHRDGNS10_5_MULT_CD,"Optional diagnosis: fifth secondary, column 4",02,Asmt,Asmt,,ICD,100370,1507,1514,1507-1514,8,[V2.12.0]-New item.,"01,03,04,05","06,07,08,09,XX",x,x,x,x,,,,,
548,OASIS,110130,ITEM_FILLER_013,,Filler: replaces M1016_CHGREG_ICD1,03,Filler,Filler,,Filler,8700,553,559,553-559,7,[V2.12.0]-Filler replaces item M1016_CHGREG_ICD1 which has been discontinued.,,"01,03,04,05,06,07,08,09,XX",,,,,,,,,
549,OASIS,110140,ITEM_FILLER_014,,Filler: replaces M1016_CHGREG_ICD2,03,Filler,Filler,,Filler,8800,560,566,560-566,7,[V2.12.0]-Filler replaces item M1016_CHGREG_ICD2 which has been discontinued.,,"01,03,04,05,06,07,08,09,XX",,,,,,,,,
550,OASIS,110150,ITEM_FILLER_015,,Filler: replaces M1016_CHGREG_ICD3,03,Filler,Filler,,Filler,8900,567,573,567-573,7,[V2.12.0]-Filler replaces item M1016_CHGREG_ICD3 which has been discontinued.,,"01,03,04,05,06,07,08,09,XX",,,,,,,,,
551,OASIS,110160,ITEM_FILLER_016,,Filler: replaces M1016_CHGREG_ICD4,03,Filler,Filler,,Filler,9000,574,580,574-580,7,[V2.12.0]-Filler replaces item M1016_CHGREG_ICD4 which has been discontinued.,,"01,03,04,05,06,07,08,09,XX",,,,,,,,,
552,OASIS,110170,ITEM_FILLER_017,,Filler: replaces M1016_CHGREG_ICD5,03,Filler,Filler,,Filler,9100,581,587,581-587,7,[V2.12.0]-Filler replaces item M1016_CHGREG_ICD5 which has been discontinued.,,"01,03,04,05,06,07,08,09,XX",,,,,,,,,
553,OASIS,110180,ITEM_FILLER_018,,Filler: replaces M1016_CHGREG_ICD6,03,Filler,Filler,,Filler,9200,588,594,588-594,7,[V2.12.0]-Filler replaces item M1016_CHGREG_ICD6 which has been discontinued.,,"01,03,04,05,06,07,08,09,XX",,,,,,,,,
554,OASIS,110190,ITEM_FILLER_019,,Filler: replaces M1016_CHGREG_ICD_NA,03,Filler,Filler,,Filler,9300,595,595,595-595,1,[V2.12.0]-Filler replaces item M1016_CHGREG_ICD_NA which has been discontinued.,,"01,03,04,05,06,07,08,09,XX",,,,,,,,,
555,OASIS,110200,ITEM_FILLER_020,,Filler: replaces M1020_PRIMARY_DIAG_ICD,03,Filler,Filler,,Filler,10300,605,611,605-611,7,[V2.12.0]-Filler replaces item M1020_PRIMARY_DIAG_ICD which has been discontinued.,,"01,03,04,05,06,07,08,09,XX",,,,,,,,,
556,OASIS,110210,ITEM_FILLER_021,,Filler: replaces M1020_PRIMARY_DIAG_SEVERITY,03,Filler,Filler,,Filler,10400,612,613,612-613,2,[V2.12.0]-Filler replaces item M1020_PRIMARY_DIAG_SEVERITY which has been discontinued.,,"01,03,04,05,06,07,08,09,XX",,,,,,,,,
557,OASIS,110220,ITEM_FILLER_022,,Filler: replaces M1022_OTH_DIAG1_ICD,03,Filler,Filler,,Filler,10500,614,620,614-620,7,[V2.12.0]-Filler replaces item M1022_OTH_DIAG1_ICD which has been discontinued.,,"01,03,04,05,06,07,08,09,XX",,,,,,,,,
558,OASIS,110230,ITEM_FILLER_023,,Filler: replaces M1022_OTH_DIAG1_SEVERITY,03,Filler,Filler,,Filler,10600,621,622,621-622,2,[V2.12.0]-Filler replaces item M1022_OTH_DIAG1_SEVERITY which has been discontinued.,,"01,03,04,05,06,07,08,09,XX",,,,,,,,,
559,OASIS,110240,ITEM_FILLER_024,,Filler: replaces M1022_OTH_DIAG2_ICD,03,Filler,Filler,,Filler,10700,623,629,623-629,7,[V2.12.0]-Filler replaces item M1022_OTH_DIAG2_ICD which has been discontinued.,,"01,03,04,05,06,07,08,09,XX",,,,,,,,,
560,OASIS,110250,ITEM_FILLER_025,,Filler: replaces M1022_OTH_DIAG2_SEVERITY,03,Filler,Filler,,Filler,10800,630,631,630-631,2,[V2.12.0]-Filler replaces item M1022_OTH_DIAG2_SEVERITY which has been discontinued.,,"01,03,04,05,06,07,08,09,XX",,,,,,,,,
561,OASIS,110260,ITEM_FILLER_026,,Filler: replaces M1022_OTH_DIAG3_ICD,03,Filler,Filler,,Filler,10900,632,638,632-638,7,[V2.12.0]-Filler replaces item M1022_OTH_DIAG3_ICD which has been discontinued.,,"01,03,04,05,06,07,08,09,XX",,,,,,,,,
562,OASIS,110270,ITEM_FILLER_027,,Filler: replaces M1022_OTH_DIAG3_SEVERITY,03,Filler,Filler,,Filler,11000,639,640,639-640,2,[V2.12.0]-Filler replaces item M1022_OTH_DIAG3_SEVERITY which has been discontinued.,,"01,03,04,05,06,07,08,09,XX",,,,,,,,,
563,OASIS,110280,ITEM_FILLER_028,,Filler: replaces M1022_OTH_DIAG4_ICD,03,Filler,Filler,,Filler,11100,641,647,641-647,7,[V2.12.0]-Filler replaces item M1022_OTH_DIAG4_ICD which has been discontinued.,,"01,03,04,05,06,07,08,09,XX",,,,,,,,,
564,OASIS,110290,ITEM_FILLER_029,,Filler: replaces M1022_OTH_DIAG4_SEVERITY,03,Filler,Filler,,Filler,11200,648,649,648-649,2,[V2.12.0]-Filler replaces item M1022_OTH_DIAG4_SEVERITY which has been discontinued.,,"01,03,04,05,06,07,08,09,XX",,,,,,,,,
565,OASIS,110300,ITEM_FILLER_030,,Filler: replaces M1022_OTH_DIAG5_ICD,03,Filler,Filler,,Filler,11300,650,656,650-656,7,[V2.12.0]-Filler replaces item M1022_OTH_DIAG5_ICD which has been discontinued.,,"01,03,04,05,06,07,08,09,XX",,,,,,,,,
566,OASIS,110310,ITEM_FILLER_031,,Filler: replaces M1022_OTH_DIAG5_SEVERITY,03,Filler,Filler,,Filler,11400,657,658,657-658,2,[V2.12.0]-Filler replaces item M1022_OTH_DIAG5_SEVERITY which has been discontinued.,,"01,03,04,05,06,07,08,09,XX",,,,,,,,,
567,OASIS,110320,ITEM_FILLER_032,,Filler: replaces M1024_PMT_DIAG_ICD_A3,03,Filler,Filler,,Filler,11500,659,665,659-665,7,[V2.12.0]-Filler replaces item M1024_PMT_DIAG_ICD_A3 which has been discontinued.,,"01,03,04,05,06,07,08,09,XX",,,,,,,,,
568,OASIS,110330,ITEM_FILLER_033,,Filler: replaces M1024_PMT_DIAG_ICD_B3,03,Filler,Filler,,Filler,11600,666,672,666-672,7,[V2.12.0]-Filler replaces item M1024_PMT_DIAG_ICD_B3 which has been discontinued.,,"01,03,04,05,06,07,08,09,XX",,,,,,,,,
569,OASIS,110340,ITEM_FILLER_034,,Filler: replaces M1024_PMT_DIAG_ICD_C3,03,Filler,Filler,,Filler,11700,673,679,673-679,7,[V2.12.0]-Filler replaces item M1024_PMT_DIAG_ICD_C3 which has been discontinued.,,"01,03,04,05,06,07,08,09,XX",,,,,,,,,
570,OASIS,110350,ITEM_FILLER_035,,Filler: replaces M1024_PMT_DIAG_ICD_D3,03,Filler,Filler,,Filler,11800,680,686,680-686,7,[V2.12.0]-Filler replaces item M1024_PMT_DIAG_ICD_D3 which has been discontinued.,,"01,03,04,05,06,07,08,09,XX",,,,,,,,,
571,OASIS,110360,ITEM_FILLER_036,,Filler: replaces M1024_PMT_DIAG_ICD_E3,03,Filler,Filler,,Filler,11900,687,693,687-693,7,[V2.12.0]-Filler replaces item M1024_PMT_DIAG_ICD_E3 which has been discontinued.,,"01,03,04,05,06,07,08,09,XX",,,,,,,,,
572,OASIS,110370,ITEM_FILLER_037,,Filler: replaces M1024_PMT_DIAG_ICD_F3,03,Filler,Filler,,Filler,12000,694,700,694-700,7,[V2.12.0]-Filler replaces item M1024_PMT_DIAG_ICD_F3 which has been discontinued.,,"01,03,04,05,06,07,08,09,XX",,,,,,,,,
573,OASIS,110380,ITEM_FILLER_038,,Filler: replaces M1024_PMT_DIAG_ICD_A4,03,Filler,Filler,,Filler,12100,701,707,701-707,7,[V2.12.0]-Filler replaces item M1024_PMT_DIAG_ICD_A4 which has been discontinued.,,"01,03,04,05,06,07,08,09,XX",,,,,,,,,
574,OASIS,110390,ITEM_FILLER_039,,Filler: replaces M1024_PMT_DIAG_ICD_B4,03,Filler,Filler,,Filler,12200,708,714,708-714,7,[V2.12.0]-Filler replaces item M1024_PMT_DIAG_ICD_B4 which has been discontinued.,,"01,03,04,05,06,07,08,09,XX",,,,,,,,,
575,OASIS,110400,ITEM_FILLER_040,,Filler: replaces M1024_PMT_DIAG_ICD_C4,03,Filler,Filler,,Filler,12300,715,721,715-721,7,[V2.12.0]-Filler replaces item M1024_PMT_DIAG_ICD_C4 which has been discontinued.,,"01,03,04,05,06,07,08,09,XX",,,,,,,,,
576,OASIS,110410,ITEM_FILLER_041,,Filler: replaces M1024_PMT_DIAG_ICD_D4,03,Filler,Filler,,Filler,12400,722,728,722-728,7,[V2.12.0]-Filler replaces item M1024_PMT_DIAG_ICD_D4 which has been discontinued.,,"01,03,04,05,06,07,08,09,XX",,,,,,,,,
577,OASIS,110420,ITEM_FILLER_042,,Filler: replaces M1024_PMT_DIAG_ICD_E4,03,Filler,Filler,,Filler,12500,729,735,729-735,7,[V2.12.0]-Filler replaces item M1024_PMT_DIAG_ICD_E4 which has been discontinued.,,"01,03,04,05,06,07,08,09,XX",,,,,,,,,
578,OASIS,110430,ITEM_FILLER_043,,Filler: replaces M1024_PMT_DIAG_ICD_F4,03,Filler,Filler,,Filler,12600,736,742,736-742,7,[V2.12.0]-Filler replaces item M1024_PMT_DIAG_ICD_F4 which has been discontinued.,,"01,03,04,05,06,07,08,09,XX",,,,,,,,,
579,OASIS,110010,ITEM_FILLER_001,,Filler: replaces M1010_14_DAY_INP1_ICD,03,Filler,Filler,,Filler,7400,481,487,481-487,7,[V2.12.0]-Filler replaces item M1010_14_DAY_INP1_ICD which has been discontinued.,,"01,03,04,05,06,07,08,09,XX",,,,,,,,,
580,OASIS,110020,ITEM_FILLER_002,,Filler: replaces M1010_14_DAY_INP2_ICD,03,Filler,Filler,,Filler,7500,488,494,488-494,7,[V2.12.0]-Filler replaces item M1010_14_DAY_INP2_ICD which has been discontinued.,,"01,03,04,05,06,07,08,09,XX",,,,,,,,,
581,OASIS,110030,ITEM_FILLER_003,,Filler: replaces M1010_14_DAY_INP3_ICD,03,Filler,Filler,,Filler,7600,495,501,495-501,7,[V2.12.0]-Filler replaces item M1010_14_DAY_INP3_ICD which has been discontinued.,,"01,03,04,05,06,07,08,09,XX",,,,,,,,,
582,OASIS,110040,ITEM_FILLER_004,,Filler: replaces M1010_14_DAY_INP4_ICD,03,Filler,Filler,,Filler,7700,502,508,502-508,7,[V2.12.0]-Filler replaces item M1010_14_DAY_INP4_ICD which has been discontinued.,,"01,03,04,05,06,07,08,09,XX",,,,,,,,,
583,OASIS,110050,ITEM_FILLER_005,,Filler: replaces M1010_14_DAY_INP5_ICD,03,Filler,Filler,,Filler,7800,509,515,509-515,7,[V2.12.0]-Filler replaces item M1010_14_DAY_INP5_ICD which has been discontinued.,,"01,03,04,05,06,07,08,09,XX",,,,,,,,,
584,OASIS,110060,ITEM_FILLER_006,,Filler: replaces M1010_14_DAY_INP6_ICD,03,Filler,Filler,,Filler,7900,516,522,516-522,7,[V2.12.0]-Filler replaces item M1010_14_DAY_INP6_ICD which has been discontinued.,,"01,03,04,05,06,07,08,09,XX",,,,,,,,,
